id,productivity_score
10650,50.86134035166539
2041,91.65596972800881
8668,60.42841727410716
1114,50.93186556115482
13902,35.42346313495807
11963,57.726752579016576
11072,40.52206498219131
3002,27.031336265341945
19771,38.10638360054298
8115,44.361196810595985
3525,60.161977808480614
7879,17.76182815872467
16441,46.4887057850688
16296,59.87536441526154
12566,64.42971496819843
5252,41.94073079209165
19393,50.91619398664017
16796,45.906975397841336
8094,70.25894789429815
322,29.226858197762247
9923,21.946240856575933
7459,41.58890458735529
19024,56.97215657064752
17553,48.91296078864231
9119,62.68016921396638
16421,71.78647730789011
16060,56.26988617790547
10120,26.872195567120237
19055,42.08234604222443
3649,27.58864756149514
3941,35.681660865504924
17880,49.33483045595043
16675,59.90770536888381
12630,52.05471710151742
11443,69.76708298426888
12157,35.61395926688342
13835,45.31027342522627
3434,20.73842044164877
18739,45.4923285454494
17407,70.24247499775124
15440,49.48344386893227
10406,62.121182960905685
6517,48.395705483735995
971,38.495590166436656
16487,49.97950733278581
19730,54.14490603861742
13137,61.52533596206307
3669,69.47331007341991
15983,52.87097937878799
4058,22.118596145939385
14976,63.58810509228681
15698,32.50673455700478
13829,66.5552866459827
13419,60.51314529413786
960,41.099574250380044
17744,38.04997333640467
9864,64.60867157609637
11263,30.466671706985057
15782,51.35412884657093
17196,53.25631801269873
7554,46.68667137827232
10498,73.72303964950027
17059,38.257489076268726
17928,39.64358831637558
7085,56.14704595082933
14753,35.90180559986665
4519,17.288187503452637
3024,39.547988695537256
12121,50.06693717521775
18494,64.25402531172723
5483,49.26972002549629
1419,49.710843956589834
6209,50.31285727509984
10742,46.638741627703226
16143,47.84457445576989
17617,77.55065005521138
14568,55.61853110472724
980,62.724714906380235
2783,23.032274628690583
7713,34.302758419840465
11518,41.05861508157727
8600,51.98276148107957
11640,48.296226049153745
18830,46.865786811873
12562,52.945598567353656
12751,44.00626685791637
6384,54.40422037038494
4807,39.4547257252312
6195,43.270285077470305
10648,67.70412169962994
7567,45.20008704012074
16397,46.44733347797498
17524,54.28061022730774
1346,78.89183816094555
13124,31.800991229258376
12673,11.608563439274594
15455,50.87389901500615
14001,35.4603929032406
18621,54.70475293885568
2119,26.354007996854712
15304,45.93918474432998
4309,39.47416344033623
4484,63.39915286912186
11013,71.19553016620634
4770,13.641878745111645
2712,11.648231918623745
12186,55.088749971236574
16615,65.54046529425594
10947,66.73639954192775
2545,48.74700545822274
12619,44.61322359228879
9851,46.660548454774506
4410,45.43743335651344
19647,67.10168977509193
12344,55.704486698809035
12407,42.03434278412957
9610,19.971005607137236
10718,12.602485795784943
7571,52.50578324474153
3570,49.492810446656854
8602,23.10607216647544
3559,29.32391521207462
4991,41.51128064723244
7439,63.306791025173005
9325,38.40181790280694
2300,75.00261958136707
7666,40.085875114522175
5804,67.13139252905223
12022,37.3818583647851
15537,79.3411939605531
9757,85.57912266558121
12014,27.31983115017988
5211,61.8474257238959
11548,58.68808572500431
12366,18.447084247431782
9270,78.68624023652656
3975,51.776904539209724
16090,41.05915404322227
17232,69.72187660893681
17443,57.37530936846726
13656,53.952404723625264
15645,71.59347624878328
2730,54.13803159013979
3298,48.18135734284809
8956,46.56924155260864
17410,41.530316434725975
15155,59.19043329607761
17276,47.95170914318285
6703,59.042792606165065
1968,61.14138610668317
4936,36.49588213944798
2112,18.449558389088203
878,40.91404930630493
19075,60.60294532537021
12989,52.25574187328393
7277,19.794540407039023
5709,53.021845770893
12078,52.87782476852858
6687,13.079124786686672
6418,63.20903351896281
10431,50.76744025909534
9982,41.2298228677178
19073,70.79529984595436
4629,16.723011357847525
8862,61.24702512230342
4667,33.69751069758467
14163,63.75391062403613
385,82.84453253480312
4186,64.101629823508
5345,53.860846440834884
2195,43.00589843855791
14990,43.38373265233687
12634,28.05485091426997
1077,62.115252356805776
6286,39.748189471875534
5933,49.15994966602396
18512,52.34933865764242
19717,67.39005785236361
13363,46.78409246974326
8072,48.30428072898637
17020,52.863417635808254
9543,45.74077290072491
19094,46.922395846589936
13355,68.53105994167959
18631,35.364621875373146
2848,60.24542313861376
12791,23.886382105258896
7722,54.731147614025055
812,57.53991831862794
11193,46.07599240444019
5135,50.722188322683635
8510,37.499584305925346
7434,22.490309951955034
16476,37.070397252229
936,60.83251768729931
11965,19.51958240010481
1692,69.84527027883091
6216,62.24062576008981
9459,34.96827350904466
12527,27.949672766721193
15484,20.052606443548807
5792,29.256501094996388
12266,30.924959992957945
2221,49.04829530332629
15757,50.20931637829713
4693,67.39044918885824
10108,53.153677367864816
5107,37.5776983783925
13480,63.18958524791151
4745,76.66346364569958
1604,44.76450639826643
17395,58.94086820891545
16863,49.409579875565726
8213,82.19609354321169
1092,49.469994872357894
13884,58.482137994861795
6311,38.48135971917518
9012,76.66724574867592
351,33.37345264352241
14782,72.05384577366995
1530,31.085359688373483
13591,35.02382336919398
15215,75.04958630704324
11540,39.172940380385285
218,25.58750598848801
6813,45.891531108373734
5357,86.49944046186724
15729,50.03169500139838
13043,40.450043404342615
1453,76.8493346917596
14932,52.613151039702906
4740,42.229968115526574
2814,47.284062699484465
7886,68.66022920199856
4973,45.09714019665067
1182,53.05969723079714
10035,31.075120090245804
3947,47.68956613258247
3189,44.861045356352975
14480,66.2415277358545
19826,61.68451677808871
9623,70.86483198226234
1006,47.77410899955964
2325,61.17605939770522
10645,59.97799292314073
19523,76.2532318695049
17725,67.12270584582146
5743,43.74288848288499
12680,42.770192845829456
14583,62.47077141151506
19257,44.5419163055102
11881,76.1754448639958
1027,40.554317643013526
4069,33.41794973892551
18572,68.0336478014979
14652,47.29556159011577
6650,62.09909924729673
15783,34.18095713353027
17648,56.30034071890623
4622,20.972942111865645
10385,55.25064383108169
13670,68.66598895066882
14046,66.55450625469061
1962,44.78715898339119
19874,53.317788939386254
1599,45.48518398049282
9675,14.926249001758327
10952,47.826039747248004
4333,64.55038836603141
12099,30.49512899153883
6955,46.54712546573377
18821,48.688932111777945
8545,23.11472107646765
15974,44.13276836878891
13722,30.962633429111357
695,45.633506657364606
15630,48.908264094641694
13589,61.208162033567916
14521,63.50395631829336
19917,69.33758626190703
9770,26.74089486229412
13377,42.72413957065585
1034,18.429086978437002
10842,57.33210154701521
16592,56.85208515944099
10421,76.3032979187729
10979,66.48980278959945
2127,50.24927950058814
12187,63.728175650332844
5970,53.120382961847646
13225,38.84398100472238
993,30.644584654205026
15084,64.78721564511196
14845,32.781706243065415
14945,49.580958192226184
447,40.734604811798064
17277,21.531058064550855
5453,40.81353999302899
3211,71.18739857629302
5561,26.995564765099147
18911,55.82231479006481
3210,35.44882132054954
13813,29.510784152933944
8966,50.33309085784664
17653,61.88907990599267
10649,42.70646852181602
19714,46.825715800422714
3971,60.27052049832275
10807,20.348518482995598
19544,67.43395685775178
11366,62.04832051664009
3778,47.64652740550783
13079,77.84252793405904
6352,57.73164460618369
4007,64.80357459238631
3776,63.95836718181339
17147,50.74826967024573
14104,19.719184033813782
19145,27.928168059662845
19183,58.56038735102262
8426,64.13730701671133
4337,56.354174628564714
8117,53.779560086144286
7763,77.14712482411512
14012,52.787258709345394
13651,70.47243572787235
438,48.62292093455633
16533,37.15313563458358
3269,39.578771161047335
3752,52.42841423068766
9113,37.972281693871004
9440,39.407001163907864
1739,29.571688973028603
606,40.92919874377988
17085,69.92818217543775
12998,61.5707611655536
16972,81.48415125471472
18366,71.66312513241928
15683,23.489654259729264
11037,29.805885952139114
5746,42.346020350203304
11584,31.011487756513723
6270,50.31799138301372
8851,97.89542018387746
18408,46.51569387457535
6600,63.43167361000214
11378,82.02258112378297
17189,24.303854827210056
11605,71.60766694660522
6909,37.90003884537015
738,60.15660240239091
1994,54.386721782807555
119,44.397083322043265
14926,50.34185653758741
17609,32.88206917487706
17436,60.16834287566227
18553,56.535400095673026
7293,44.1853048756675
3405,50.041916821507606
10537,48.76012501415592
18466,54.00981133887338
8626,42.58365050880127
3481,57.95590650649446
17818,62.754781047036104
127,46.37389645402484
13426,49.33863445147479
10610,54.651880488932235
15273,29.68724459088093
19580,53.38094581155808
19285,64.98502701544267
12822,43.75581190522592
3073,56.380635060945416
2380,66.72713672386877
2483,62.8981204291055
3461,33.4147407403175
15231,60.2574648001491
7458,55.607715131521935
15884,42.8191860251978
6885,78.53599727260226
15097,59.94531715772653
18684,66.1848360470934
14970,20.34660160412329
803,61.96420145319867
474,54.47128876385928
8608,31.117563165222105
6482,82.6663345718608
18287,33.46775915677553
5557,35.24895084311004
13948,48.988051752821676
8891,37.33658730308936
12521,51.30388771358785
4448,46.89413610979549
484,53.53751424972668
10422,57.883568178258166
19411,36.247122674883855
14900,30.182242913166753
11226,74.62379333984771
19132,47.991772107254334
7920,71.03841192050375
7911,51.67658358068728
2766,62.03285013059084
14865,19.50104130282771
16506,55.990492743382184
11688,17.31229861374874
4037,24.88564413873271
856,31.470619749033368
16136,51.397882762558496
8830,69.02905709203645
8803,64.86137368485427
11838,51.64954214242731
3826,59.452912866791316
18127,27.21845855123694
5995,59.88929640232639
503,57.482593788698274
2959,46.89303367502387
7988,34.25389598868565
9640,60.89600464992985
8109,50.99387087409242
5382,44.773051653121854
13951,46.43399156480323
13138,57.47089362758569
17987,43.56186562171085
13435,44.686612738549876
7725,51.501146968434625
12033,41.35697099783988
8129,47.4577386839954
12787,45.80476049589029
8292,48.2211365849448
18321,34.680677857272315
13060,60.7168416825707
3295,32.33049975187044
8957,50.860191369483275
115,21.745348527025897
5647,46.79554824254971
12624,65.06336186839584
14747,71.92457222478906
7181,36.05099124584512
1710,31.922911834484125
15957,75.55108071117021
5817,24.18940581004234
15278,72.94783588208081
2480,51.39622002229038
10250,56.14185754191963
4032,30.461163300468947
13347,71.10840910450169
16530,40.73002485551404
9514,58.366564239691094
4610,40.11033707733134
5117,47.901542506780245
16946,64.52859861535536
6385,49.38697612980313
15139,62.45823182712384
6271,82.57411122459095
341,51.58601615058035
828,40.1192198577695
12529,73.78062465239677
11551,47.328635707867306
9527,74.41121900226743
11836,27.58818485373622
313,32.8723654060036
11697,35.95538901139795
10051,25.439383376309657
12863,75.1754210158646
16070,37.204012877301736
17136,21.003754028708514
18261,76.03283127253992
4909,49.765374384673535
17796,31.12298963514163
8873,37.98427501716936
18285,26.580682983419155
409,59.09061396034939
3795,40.347270337633674
2703,63.51995660777233
10342,47.978544136392145
4981,35.263481160367554
8582,57.72589316583095
7667,51.107988194837354
17517,50.447098076281705
17183,22.36847908233181
9725,63.15683710754015
18153,57.055110269324
7499,51.02776470907348
17036,89.09216597057784
7720,42.659380287379804
1905,50.661186808141935
6717,81.01596148750613
2174,66.20414898240065
6769,69.74380102166745
7161,52.76119180051832
6504,65.40624404784636
18765,16.419735147816546
4420,59.80587394581848
1272,53.22447285045257
451,38.21270530489364
3519,34.25577832870796
17477,64.20108792252627
9567,63.525433285694724
247,56.18645783175475
17815,32.33287338319608
1747,22.259719250931518
2085,56.528995293833475
12492,61.54110425545226
13351,46.49540622859276
4974,69.7970245722906
3498,62.032781309992785
13442,58.879026035162234
1084,40.303766339408526
4935,48.21541607335996
6237,41.15953536650805
6734,49.868435340506196
12983,45.53568402956462
14249,61.45645912403698
11982,36.049220830261994
5922,49.509376295988694
17268,42.725624440071016
8948,46.456721897096614
19450,32.23633610343544
4149,19.626037393396675
5099,33.77410602252538
9512,73.67203773483348
13259,45.243444062732806
17360,77.39575536733037
17037,48.518675750690974
3335,67.43279115511946
17585,56.42977980293424
19819,66.0384757762679
13728,39.86247540294859
9893,48.92230563234756
7650,77.58563995958492
2238,59.71348902005044
14204,62.979531427840314
251,67.09929871632716
8196,44.96857344217674
4706,59.45954562584617
8143,39.69657950528307
2714,64.58126861976112
18079,58.139703270573705
9529,35.267485136912626
10341,66.36329745113758
15290,40.498204038815416
326,28.732696143563242
4980,61.768780692395964
7438,57.301446401762085
6647,33.69546351749965
6258,71.08919206080093
9047,67.20401937163143
3393,25.73668282224508
17664,35.59875468632292
19414,78.68715176998384
16117,34.16477456342144
1337,59.07638138564712
3168,60.537911038170805
12860,62.332899656117625
19814,52.62987551288129
2393,58.61377604397044
19915,35.552337645069755
15179,47.05097800865825
5923,83.01611694373949
16297,54.47124157633031
2743,55.77102197605469
5005,36.893980762148864
18716,38.35020578034762
19613,43.4405867860781
11643,62.85597899743384
4119,66.4595051725447
2090,31.738097154935378
7443,51.18643793961229
8731,44.2023049740937
14404,50.353567647522574
5702,64.56042991692816
3800,66.14813314793666
11419,41.0934367250761
2008,63.72153458711525
1493,63.356777234115285
9282,81.675222956328
7789,77.44966056227109
3848,28.68856088230792
15650,70.59221834335548
19143,67.91019192676664
18551,54.50197808554287
19249,59.5723508134372
4194,32.66605504395899
1512,51.69497140598604
2748,44.9476595085141
18211,34.826525545803605
3733,38.16366748545258
7654,25.33274768034473
2346,71.47535997972717
2519,62.88855072811193
718,59.78882248175334
139,35.40158704831706
17947,78.2999915652758
17762,32.43513821262573
2444,37.13916191726648
5198,56.85246308557946
1402,63.886406564681884
16321,46.48123486558644
1730,54.90324547944905
9260,46.87313087627939
3721,29.885010996207722
17840,28.361777620410653
19736,23.885086349906242
8121,28.922713594297285
9531,42.406267547381276
17730,34.02633868192408
18906,72.75332653760134
14283,61.734917987756354
4074,56.92284591005101
9049,32.66161470164104
6438,71.01217218093844
2267,35.36019396760581
2830,44.454745276508376
10495,18.29132246828574
14177,52.90031567719325
12291,43.516443081802386
8366,27.00915592218766
16894,57.70578483061954
8466,37.82384634131374
2932,61.20317723548881
13784,30.368096775980423
16075,46.15493571412329
12950,71.29928490333853
2946,88.16485200039268
17514,47.8733736762201
11292,28.713130459998393
19606,61.10468201854917
9390,58.12506157482788
9293,28.763689445860003
17747,47.23873131039779
6162,27.586839949427578
9758,44.37401142560204
8544,50.587452203035824
2579,43.60194289171389
4387,56.7395424369288
11225,71.90897759759986
18149,31.16406559280882
4832,51.49366889991735
9391,24.77760938316164
6705,35.7744876650534
16192,51.43532511673218
2626,78.22362483744557
9098,48.73813303575124
10872,52.60659360091709
6888,42.44399609654655
19364,80.97923615678484
5687,29.100525878157498
4949,40.65721503227668
14306,50.48242223534677
11330,81.34829460025296
19490,31.454226008973542
1805,32.24296822097266
13811,45.019499554522504
11997,44.55305318113132
16480,67.09491468133929
8508,58.916656373498924
19715,40.49867828914465
8575,84.50162059047557
4877,65.58181055610979
10879,31.08098949129972
1147,29.080812209848567
6076,61.912576059578214
6309,53.4073029515874
6210,38.21712772916808
16879,38.806122074554594
5714,59.61100756140347
15992,56.923923433677615
15143,50.26724224717553
13302,44.57838588212095
424,49.49725209472918
7360,53.00788212425874
19416,78.14021571965897
7241,92.68756926822444
15703,32.59487972655813
9995,39.80169118503122
15486,60.950965694568765
2177,59.245839406167725
7051,31.93650928935005
6405,40.790858726728764
5351,40.0356058513328
12906,29.185519040413546
1606,25.918864570379306
3062,42.45882796500767
17402,29.583062318730715
3488,43.92137194260222
4201,65.15559793964567
18505,36.585894085656676
17687,52.94678758804007
16598,47.175299342884855
2805,38.30187573360148
12349,46.628559863913296
18689,42.24433276747912
6248,41.79343332581432
9704,56.83448578847881
6914,82.96374632503064
14037,70.28759317514798
4031,35.502034746970956
4449,52.247412399119334
11262,37.54911556266714
18576,49.26346197792758
3528,45.50783301435227
18787,56.86969785110949
15569,50.080941942046486
17682,48.31466512678578
2319,47.78696867225366
12783,78.45377472660304
8099,78.43533315697498
3509,39.88797360534318
11340,40.90881216257959
8165,43.80923562503174
5394,83.77301993160823
8025,62.090308162781334
4393,36.66482111187644
4590,61.11490598359463
16144,38.97107627536346
1052,41.162054990252805
10330,61.59804840280033
16861,45.102607858378164
2578,35.47337238376865
10504,52.488946235393996
19882,29.038190623423173
8352,37.37259305891271
17458,47.174103242654475
19375,63.99527892891315
4724,62.49612364400447
18918,35.6752739477702
2232,48.82747669511921
2777,51.10628178262954
15131,50.70800023047506
1290,26.14323218188678
14761,42.63678494427697
2207,31.91726264521189
3449,53.46980386123698
15249,33.94074346752624
9509,43.1943852033066
3035,74.27382200278912
16262,34.505041364212325
16817,42.26207630899877
15337,60.3794201062606
10182,65.6401760903739
2998,31.576557203472003
6759,41.238000818897525
2265,30.35141921829146
7337,72.68566242122017
10676,39.740681991481445
4505,64.13891829488645
18426,37.89138156775217
19201,67.86736909673519
6692,60.35852354221451
14801,31.609306052482374
14030,30.88687435798895
3106,56.19719846520947
221,74.73057270463582
18356,64.99808343214247
11825,71.0677289289929
3050,28.466145474473013
4285,57.80695938855861
17541,64.30287102500239
12246,22.027817953305508
210,37.19429798172185
18238,32.70433949509661
1911,14.030335368773555
499,53.59669035991408
4999,25.485828686639984
17917,53.61089160658723
17266,60.279833141637695
8748,51.54524485806094
13683,55.52583778765686
180,60.84259811925231
18926,58.35059394700691
13684,43.0761569172913
12000,25.301248191297557
18842,83.03398883351754
11794,43.476145951871665
7267,48.07465200734777
2420,39.07492658377282
15825,41.83915628182389
18202,53.46475258813892
15634,44.52279920803869
14888,38.98592946959941
466,44.892652748416666
15057,47.45934761783931
59,48.81993820992925
4202,51.485345005834816
18076,37.035030827520735
7484,56.078305158863635
1580,49.90285151900654
7284,38.745024832075956
19827,36.3865039598633
16233,44.450086287656816
9393,82.04851935151609
2698,35.98763302561521
4564,31.56929313110365
11403,47.49687973381653
4199,39.36999694001374
19838,13.762846902845263
14902,43.58356448755845
7157,46.320200904851475
2973,35.91572376322721
7841,44.78756126754627
14766,38.22905741918808
13634,39.00372060154137
7695,66.95584031193194
5934,50.09350342238067
13875,45.57962121804131
17225,63.9302372083247
5215,43.603775901694576
11432,73.08872210782094
11165,39.767972373007986
11365,49.82252187677528
6626,37.9192670823801
3595,31.72967351947586
13085,25.96753059101485
5272,62.77566008333308
5627,63.58150353703648
12010,50.582033280884104
14841,29.56604965853913
10072,71.05299993126701
14751,38.8251171773477
7324,56.29309753151832
8632,71.22043142545854
14108,75.84296737771481
1297,59.944362897051846
10366,56.17887027266936
13248,53.209382398253695
200,65.8611450746621
1456,54.81059930218331
10559,55.94894796777927
9800,62.32153499062629
8453,65.1030868226451
9651,39.64626222351577
8892,36.1879755524772
18544,45.83740303018461
10263,34.67337198679113
1202,36.025951313307154
15967,36.589592142598036
3643,68.3178798937445
10990,44.23820785852659
10723,64.46725783486507
10356,45.68065407398155
3128,16.72464201371487
4351,59.77340618297144
19402,82.14955845995775
15878,62.82749544400171
3011,79.46607263228682
5090,70.46965783022844
17107,44.30875351952092
2621,58.361449647763195
1534,48.79939006498862
18178,67.79167142460116
3836,73.86057609358787
17766,71.43294682483034
11520,58.73301688584701
16080,65.13684739430997
15859,55.65286043717282
8550,63.27709472113073
15662,61.61188570514487
5129,32.986973288042236
14008,36.401064286335
3352,46.62746474557847
13454,52.287844784383516
13758,59.10995434429215
4903,62.52281131285655
2930,61.04942857906362
1087,48.93085025808766
15244,34.45982258559012
12088,35.303311486676776
4884,21.471289160998264
14633,24.02132505740687
7947,42.00197185033351
16823,46.460652701520196
15819,30.529375185222523
5391,50.13397767678207
7245,37.73944701567914
15682,88.93663507151985
6279,72.14813059286723
5194,55.87462253656345
14222,48.013474363787935
17121,63.56446344330537
19672,51.86229728039507
17185,61.55720563406659
1729,32.29172410236623
19914,37.15520951591183
19841,29.34847993009572
13336,78.58147115474665
3310,47.741878017898124
12571,33.32225782208696
3415,46.39194460125526
5861,67.00089368863117
15237,41.68640986084226
6259,69.41227502273436
9619,55.4806582605685
5863,50.48974951517357
9806,23.62017911831396
5849,46.35921784628347
2754,72.67719490649645
13643,40.67367536155774
10192,32.33671196232832
8035,43.582543273942164
16836,44.803063298263936
15027,51.204285706053476
10761,27.19396828384299
7375,61.722029224062986
10709,51.38252043370592
5998,13.018539109063658
12264,43.10833137026147
19733,72.0478289707323
19732,37.76604063575513
1282,47.653296190989344
5290,50.394811435543595
10784,65.27434720656056
11067,38.77093837931189
19688,43.598322924563504
4021,35.62620529825192
16141,60.46069628857049
6826,14.142670384379059
18361,28.53633461461929
12084,61.02664311077498
11051,32.988046236459894
8331,30.935178160594507
10078,33.42250823622972
8993,78.3117448712906
9818,67.95563135054473
16874,64.00976072688442
10646,67.35171875876092
13993,49.30767406086417
19989,75.20840681112449
9710,46.67756256361566
6896,26.293147205201258
15370,62.89890074716872
11679,61.12198410333523
8962,45.81312799238485
5474,50.860108967184196
6402,52.15201845465079
3725,88.57082202349295
3739,34.23776178261321
10221,31.53842255851605
13084,48.52814255240465
8732,77.80568740763867
12491,32.87155426410982
6775,21.439977323969458
19980,51.580662465929336
4291,40.45285152132777
3579,63.93746137133193
12568,53.73235917148482
928,64.7023206950643
6529,52.20796175507943
3844,27.421030264233252
18143,67.28857248151482
10867,50.38396348199673
17779,54.180167203958845
17400,37.168676131922254
6148,31.03593084644357
8319,53.74251444600067
1815,22.287718044686358
6072,73.33038706221637
9300,63.7001140992417
11847,60.20967668038848
19587,56.85778570851549
9457,26.467723590336664
5833,6.152969132179893
19264,37.36381946690905
15021,66.08385645158806
14377,53.51769734397495
8882,45.9971597304891
14304,65.50242091953764
10489,23.400850283212787
11885,39.88938606774694
14218,78.40950682524257
5903,28.916492060760675
7664,36.15567472603842
14009,38.16788033520139
2129,48.92659627119627
19862,47.941173232580155
7779,32.682833134455684
2740,38.34270070057856
17470,71.94852054905932
8813,50.890369677106506
15172,62.575168673765006
10779,47.31140088923759
1350,29.265353266199735
9058,61.07089624857076
13495,45.94947650214905
9922,57.97935396852279
1522,68.25804515436401
6760,64.1084433869787
18862,15.866771746206572
2797,52.39461882569087
7040,50.489153328093096
2992,62.83328127042686
13751,39.3482323648744
15059,60.81574170184365
15066,68.26592960929989
9755,42.55164916163825
9152,58.158223926965945
7457,37.60940250886962
7683,59.574545208882725
17821,59.950072780167645
10261,64.49976925382914
12964,42.46180359103131
88,53.832676170421564
10399,74.98715102043906
8972,41.81694972710961
16702,53.95450364517401
13250,46.55840284072204
11162,45.60808084226449
18190,63.25497734850994
8513,43.14452168472074
1443,31.419101660660793
9010,46.447486475742735
17557,36.85021508428402
13249,36.38689042223226
17831,55.726469423131434
11081,64.27125760934115
17948,68.23639726742178
2301,56.70672832126786
16292,48.01114525519248
18254,48.36887328677684
2361,24.60389148603977
5071,65.09430955055873
19638,52.74314004974601
12402,40.617032274310404
13826,29.492106010151094
9264,41.89775318816778
10675,58.35615383351556
9059,58.718701798023154
15527,42.58611159765177
14251,31.84013773062744
15831,31.099505360787894
19557,37.02613121763591
12842,41.76979652609508
8020,48.51557722831559
8303,79.09862706731073
6186,34.44022929939636
19336,33.760913082646184
15409,45.46897161260485
5023,15.9040629093885
9790,28.029938895374364
7839,73.75803555532082
4391,54.135316426873985
11233,37.87724893065838
14539,47.94273368335083
4639,47.590512515192856
11482,54.779629687573525
12953,43.74716548433315
19974,58.3007651156536
3274,36.27481466862427
14734,39.708504297778845
9992,67.2472523710361
6740,33.52343171223592
257,42.570473221830596
12974,80.17116630867862
14687,41.714468686910806
18643,50.281528960792826
19551,54.0360155534398
8066,40.96023889483181
13103,66.6503133081727
1768,79.22252843967674
17089,28.57488818941967
5059,60.53454438813689
7092,49.05242014661907
14602,47.775328479776775
10311,69.92484110828124
8801,63.22762358631985
10577,37.331222774001944
19482,24.41617160997432
346,45.23739266964681
5148,42.57833415346096
18008,35.79765494201344
5020,33.37774090391429
4344,34.93535553670493
12864,62.16222733790768
6301,33.949418336435464
2981,41.06126151807968
2414,47.90927969929221
15597,50.2308840757709
8797,57.345234222692056
17550,71.40318545382932
9411,53.313076765167715
6075,52.849778789301084
3529,52.11718630619496
16522,39.162000351694644
18439,71.55234887919823
12579,42.53731924944735
10290,86.66523568131092
16751,76.35622679609672
2065,48.262570715445136
1704,33.037965781020176
8141,61.96933330106314
2084,43.03915914598889
18811,57.6436181865506
103,18.058494470958568
17529,72.66641490588464
5380,54.43765102587885
14206,53.24046138999596
1788,48.332368451593325
18169,78.56890920661995
15401,84.99125410285585
4618,61.7331371427597
12584,35.063864562916024
17496,41.973647320755845
4189,51.83627503932077
3999,52.078691898260125
12364,60.79403923820498
16094,65.10326742729058
8323,83.20470999378274
11732,26.386033680405784
3922,37.454938518518475
11227,34.547929499633824
12532,69.63474942962581
12086,59.07312618318552
3698,60.214260264290814
5277,47.51477400885811
11798,70.00134930760673
57,34.570902958150015
17724,49.848590132944715
19121,59.913317767270065
5513,36.96237025953971
1489,68.14743162763399
11625,86.46612247603889
9437,29.868895835009788
19883,25.16945001175057
2467,27.92489698646
9742,66.89690344540477
7053,64.18669692797792
2026,58.495389561184176
2812,21.705292608090645
10249,31.72935231381802
14992,49.609795286337004
9016,45.00291851324175
12384,13.661640028849803
8854,83.48443256554705
14648,71.3822371951891
16526,35.988544665184435
11566,56.71846363569203
16206,83.2330178289011
17833,36.324192106653626
379,55.20614732362517
16772,77.17198269884128
1527,66.04612243514349
7898,58.28649549075037
6561,65.30549994326846
2388,42.39293000657955
9881,74.14627151908957
6690,53.15735310404091
6920,59.073096653995435
19086,27.52143245830004
15576,61.037733032566734
15467,47.98898962641962
10884,62.09689951107597
17809,47.54931448195986
8056,57.62126540886495
15684,37.820893790191676
12792,41.697222017528816
9289,43.326660375339564
6593,76.56489060179373
4783,51.612092275017844
3425,63.190485864170725
911,48.57948961630288
19506,63.04090761330481
16324,29.70589889359639
14844,19.73057661792031
11658,54.10521444327058
15655,40.061547886190894
4984,40.31620900670761
3769,56.203972998394775
6088,73.01632348035346
1981,65.03886976141158
6557,69.46374888599081
16404,57.38694304397482
5761,41.81081412796194
14722,67.61640313496949
5834,42.34892462868514
7353,28.642237586519048
7782,40.88476033126979
3784,38.90378178333844
18626,55.12880278024625
14326,46.21406073878465
1535,61.79760719459214
13981,47.5243077721767
13593,54.64384011003822
5421,60.264995362666774
10992,84.46528971152743
5527,19.288346648755706
5183,51.39066948502959
2605,49.81253281208262
8083,70.73218194521708
16409,62.51893526845229
7191,50.32035971630994
7537,50.80196839192747
4520,47.57685670343626
7899,54.85975062081642
9966,62.854506300162576
8137,41.16932822663888
19922,72.95812928818123
17056,59.132472781136165
12240,62.151673917166804
4816,33.547800943587376
8481,64.2613819992482
15380,58.72502503771001
3059,56.11345222381093
14959,50.74253832834629
2448,40.703107012648715
15922,56.7492079406156
15264,41.55040503129348
3,20.408488128737407
16275,42.510121922036305
12348,44.5598997144736
11066,44.25757160437113
13905,62.63764065809166
15306,60.36929517691406
8642,51.7060362586371
8723,48.66254411738557
344,76.70487779636184
6188,65.1469986731046
17241,20.91745710536452
11882,53.63552148246117
18277,41.0120930670638
12933,52.28984407077526
3315,39.74185661234143
19387,35.569965387224876
5248,23.39747990517246
5381,48.59276337645453
13708,51.00499722452124
42,36.70921801786912
13303,30.60443586299735
10259,57.46168394521434
795,48.74018204829066
10026,56.206815096882295
14307,62.661347668598424
2549,29.297035058846422
14624,46.851052310253934
13610,44.16724176976872
7530,48.58721048972283
17460,65.16652412812637
3100,48.079087081067
16816,56.68692720432223
11248,49.90755114871322
13823,16.15270945085763
46,54.947479229007186
19828,59.80321952047755
19381,26.522869166588784
4307,50.4079297515715
16168,92.60726402619116
4229,41.98762677863112
4914,51.780571230831114
17627,32.203019016975944
15910,44.91291035755137
9889,50.58420894811434
15132,52.20420207927725
17812,20.341543911760287
8969,32.662464109614085
10462,25.85727134975582
16785,41.59981402263549
5893,40.39669979205519
5456,42.05352932354088
8300,51.26735589754835
12397,27.674122911171832
2189,62.94402663003867
7917,28.869940976134693
14143,32.05056836653315
2602,76.2774022908477
16670,71.92977970066434
9948,60.813550086061944
10275,53.12606637165693
13770,78.8553926594545
14892,36.894212576567625
11693,54.432064561347445
9123,63.9814206572918
4983,56.285046482088035
10180,72.61580176338643
15363,43.196602181365606
12614,71.8977377981699
7228,48.73025542500042
7883,28.818064873833418
13484,23.61987655007559
19050,53.77801050814567
19034,45.81882386536928
17913,41.16024634229522
2503,30.645518115088464
19391,74.69812096540808
4630,60.1417734074498
1510,60.78775396723521
6285,25.58175806760597
15442,56.499158597359454
18530,38.868867280368875
14835,56.604596153252714
13301,75.05468425506749
12754,50.68416167702294
18743,48.149281426163355
19894,54.99538513561684
1901,46.74509612593672
708,29.829431831918487
16124,53.20578275539623
5236,33.37034972210068
2495,65.04726441087726
688,52.868719848466526
4450,25.729201771534612
3184,48.07443124384237
11487,36.16783601311652
13649,63.376074983558134
10585,35.38452054842368
2571,26.507757416927753
12659,38.24669734726464
7731,59.495106618059836
8509,57.00757453136822
10529,32.39218237308555
7149,46.82046112545493
17234,38.37148631225938
8180,47.081564613317774
19133,58.24815405817058
11773,59.99482898966873
4336,66.75296903797623
1430,48.26963220174335
11615,71.48610090061727
16171,61.998246847819075
5537,41.52103657308807
16826,26.456487137992916
7231,58.111611170905135
19235,78.51623053972365
2270,65.32847134581675
5900,67.19489846933145
3507,47.0516429933331
16885,58.85219262411982
18145,54.571623224676316
14159,81.51858454411214
14093,67.50250169827272
13583,32.38298826659705
3171,60.01105559044031
3886,55.436288262556296
10328,55.530569382428006
18296,85.05472613250366
4755,35.72204995043764
18355,41.855310788572645
12505,56.8965088480824
10244,50.59686105408307
9734,66.95404927938837
7365,67.94951240157886
12493,72.37490781813261
16555,39.116585572665954
5784,50.90029639123226
17293,78.04513806474876
13099,22.3847909737353
9380,44.14127387394262
12399,56.05906731073203
14886,10.832146780058803
12859,66.0906545736492
14796,23.862027256134237
5598,52.81201954191083
9052,67.34687398316228
15324,71.10369689916074
8952,67.98391861123547
5800,52.79234050271233
6084,37.89389408433312
18019,46.80010941618848
15342,56.039627742160484
19000,44.70384944529202
16532,28.356665466988908
7877,34.764103104121844
2277,34.474166581847705
6428,66.28174960967564
8246,34.887547343982334
17622,22.992843255757464
4371,56.84050548922839
6959,59.32285011545201
9565,30.48274352394455
7089,61.83368404182168
9901,42.49379065659345
6829,81.7138177957198
1162,50.518411418014985
2864,66.65087828649227
17034,56.56848918333437
9618,43.59553244956862
13160,42.069739318324665
7552,45.87323225661203
7747,25.111896904493513
13540,87.80782826031876
14812,71.4056134454931
10202,48.857645316002774
11060,65.39289180216603
15323,48.37930060382702
18451,36.63447074762106
6987,55.038305684421516
18874,30.04165749443676
1355,60.183538039913685
13908,66.9576362413097
8816,42.40071340460798
7167,34.7285422103802
18463,36.652966838351134
8310,24.083788229910077
8349,65.08974439448562
16611,72.32944063688873
12788,50.425427526117865
9002,54.31249652101453
3901,80.76577221360324
10765,25.16566646652426
5814,77.74112721159035
6220,70.75775365791344
563,59.88537904219713
7298,67.98708579926195
16066,41.19283292487031
12591,51.836468136636185
12389,51.57631206577656
13582,56.99682383828561
2559,48.969157876533544
7199,44.84146331589086
11596,60.84909408507849
826,62.30518565299208
5945,63.169861382160846
8823,62.37757111158388
16008,69.84867114411017
11541,49.1333973492766
14811,38.352279789494695
290,76.43240875907202
4768,56.53413927124103
6672,46.974681704470164
5654,51.12127380267226
3926,54.93244531292638
11626,48.10110476356204
7222,66.22391179116005
16089,74.21384392654052
2898,44.63059007467439
13616,67.70638576009625
7583,42.969870716635846
14457,67.71528622680879
640,47.031761196136415
12831,26.212608534070874
16722,56.44071043337404
19895,25.483205085301044
12745,63.22054200681377
482,57.640212290660976
6091,47.64197366784012
7290,68.31981370253406
12952,46.173737820421266
17594,44.92129257925747
10128,29.079863777512394
19470,66.89960231519275
19835,38.74820524101534
3978,73.84817939979384
6421,32.60535566448217
3375,65.57265277169999
13609,82.40054799836642
16924,61.818729252265825
4779,51.384182114875195
6932,44.95084449144825
17686,14.182535404070325
17025,57.461681912153196
2622,42.06111170435324
11928,22.253548023082534
18085,48.03956173417983
18730,78.84267275307411
4580,52.85517899356794
15095,36.843301955783446
12315,62.14398525405677
12471,54.610897368220684
9202,39.09410476539036
16204,37.134059449506516
6463,52.310359469785794
11710,71.08751316933379
1153,30.023610114093962
16496,38.78441308456504
9926,55.27909989496552
17965,43.79215440471713
16969,34.132290881324856
16828,14.80097591732997
11903,37.96355224026053
9201,79.90435129327109
17670,69.06958749092813
5635,54.923461448717504
4880,48.64978817707309
14658,60.225312469641985
4024,62.6898935492663
7200,21.98816001366987
8187,71.03301299321899
4510,40.69188903976776
4072,37.98532965733083
11024,52.627511883715286
18864,32.89599359838149
17224,41.349236125852016
19660,34.77989973576863
17063,54.884998909075385
852,38.200007420822836
467,67.21516835491651
6662,51.70035716254215
12325,70.92145889813781
16818,87.43259091794702
10497,85.05682605826534
16754,42.828235328583744
19971,81.97852388212954
11495,74.37843469120935
10732,69.90416452375368
736,38.233622959040844
8136,26.272492399144245
11123,59.459113826548766
11793,16.316896845538253
12090,52.62438175918775
11507,79.72795879423902
450,20.268823512854283
10946,33.83348374285659
7014,53.4297875323859
2457,34.78822245984574
6863,53.94186155413149
15424,43.05002364482808
17990,34.01775703513103
2392,58.5622134753448
15780,13.556475086180729
8722,58.99739700046929
12092,61.304292363618835
4836,47.050216644106264
1144,32.82910797775619
14553,59.64053501830663
19964,76.68232585241896
5412,46.65562954489721
11183,57.75678935261327
2133,81.81015270403198
2937,61.91783167068871
13624,47.63496286380167
13866,20.33466522935597
12233,81.00018191114302
41,35.59830481569107
3282,40.880166800192285
12689,48.85794469546312
13306,22.678938071623225
11230,45.294970824031125
1866,45.9089586123238
14428,71.61690544909
2450,67.23381087436655
3070,43.0615815847903
10505,56.71226841233289
13698,27.77317531890415
1123,70.00689380440893
2334,44.26200400164496
19014,48.67433611964166
13132,14.262816366599825
19001,33.47941432375005
15566,41.31226941244453
2408,54.965464790762425
17817,28.98547421844961
9458,66.14546503361584
14217,70.78254743434768
1347,52.029503605363345
5925,72.4830919015305
8355,59.72770741586676
5343,54.501628272358076
9048,53.991036814732944
3887,51.911567434379
5332,74.85239632594276
19475,46.71002404362941
17694,26.191455737667525
19332,48.35199360187384
35,53.08656998951884
7479,24.664098477782737
18390,49.36363309457431
10204,33.1347222442701
6601,49.59850551140471
19737,37.51786116363691
5836,38.584494738942574
2315,79.84401499299513
14966,67.52904241552164
2699,36.68245411886142
621,18.79816527967495
1978,54.862636082348615
15011,68.01511346421755
323,73.85077320221349
8730,51.779397826341764
12740,60.12841965760116
2308,35.840488062919796
3486,55.101255218571886
13011,33.18349954268401
5018,24.29658674546253
10124,24.317081885036664
1227,78.51114582388587
4168,41.396728684242305
7724,65.34821875191317
8679,39.86873892205119
19043,53.17236852470764
13991,42.51022205667378
19665,45.370266883578154
16559,70.82913810148314
11414,30.658664625501434
14278,45.54304172751334
18727,63.86444679392538
4097,36.104043981217686
3571,55.678174680605665
11015,63.2758433342874
3043,48.89107210770833
6377,36.1018286816881
9376,30.551174370302494
17316,17.142604871109654
5352,34.014680438878955
7662,44.85580942066919
11943,50.850877876515256
5990,52.083102765100776
6427,39.71431081273802
10994,41.690171226367575
18634,66.03221180207028
4447,38.54386423544038
1261,40.193296510184744
13064,79.93936694724714
5683,71.43444833110297
17728,21.787908164909005
5996,35.33855005408608
15973,57.627742856638996
13685,26.369631602529022
14897,48.878378545335366
8197,61.85068222548102
2771,45.297093282213
6685,32.99796196551254
18750,69.04273157749053
16465,13.392412462988215
19843,26.451900757722775
18337,37.3607872645421
2250,40.01214693504971
12179,47.70845986063394
12801,37.04209057090164
3248,59.220616802193675
18084,47.420005179558046
2753,59.28180828164558
8703,87.85116497714792
8058,38.39786960639509
14695,38.90431482287695
8248,28.776332723301863
8182,70.11962833723092
11983,59.44421239419604
4699,30.66471503071557
7924,62.683183353103836
9075,62.01821059016447
423,40.92990154751037
17646,50.97260289764876
9888,73.49396382619727
9504,59.064027563682714
16138,59.61287522876123
17061,61.28095978223062
3686,47.92894379089878
3142,52.249410066831885
17099,58.04599548006731
15846,38.97573812998188
13047,60.93041237705629
6433,38.73186714543123
1713,27.02303732307937
31,33.03353561841581
11056,30.71606050691459
14165,52.009096710007626
1433,48.96258718611608
12897,62.18046541308022
2252,40.80539346998605
11937,59.618417029179476
6440,62.41490921512186
11119,24.190877732426507
647,44.88498218245102
7757,43.94571101579485
10446,24.15207462967694
9861,34.7326572701417
7803,38.3985960669017
17765,54.853929810258705
1321,54.328294313212915
15148,45.33128855073578
5149,33.028349680932486
13020,26.427595757934718
6814,39.59389660594958
8612,79.1249270052602
10231,37.46596386770756
15465,70.63832104398475
3376,54.142599837019986
13909,67.0358962363999
16071,72.60050660875213
4254,63.560598429578285
2534,44.39960640771174
9534,19.473136827585485
9334,50.88397267178981
1624,23.279466986755143
1429,27.202754787616083
3222,19.585133965462518
7704,70.4719133769893
217,42.59739087623269
1862,60.452585783413625
11373,64.56527115436027
265,68.80278736730324
1396,61.524807783642146
18791,28.427560340949732
8689,58.29169227849947
15032,65.26364428796043
12922,62.724187941859
8764,32.66042119407333
2879,28.097068840397917
19214,42.209436793270136
8583,49.240762111335826
17884,73.98570416920509
13033,51.615344019042524
2859,40.81151222829424
8361,52.68353663915502
12396,61.5713115793641
12840,33.448417458654646
12807,57.91671456367467
13129,73.59025728559958
9688,44.6386510857193
14862,64.1606369989859
7093,50.800073509003674
6926,53.56432271240319
4347,28.7842073679983
17473,68.7002166595196
12882,44.032334207920826
1632,33.42645502070991
14961,66.74580968040117
10117,54.57144340665717
3468,35.77315204413209
9051,85.77072680659009
7606,58.51949226217096
8227,36.79793008376534
17769,48.022370802511475
9593,38.39050955935177
6472,59.49555390870745
12506,70.61032058821527
387,51.19878547887797
3710,61.05044691996886
15851,51.40320958161942
5587,69.01601397321747
4258,55.145318448515674
1035,32.44293460272277
2043,52.98199306855005
14105,37.34935399496644
13966,63.32453055931927
19161,52.61351151203176
2641,70.65916979442156
5723,57.131163675441215
16587,70.65934560757903
13880,28.020016367960842
1554,31.74548475640171
1611,78.55015779277619
18667,63.03016181218355
1163,57.42468100939158
15227,33.98902179440469
13113,28.827261185335125
14529,73.3154072082702
2647,42.28255492237995
15260,35.78697690683803
13804,36.40407354288289
16455,54.48143691496514
3912,25.895523952337946
6478,23.86609442830038
19208,25.66042829691034
3522,86.0089473228688
17958,53.87922935329772
15074,57.60401371863018
8211,59.71681316385427
2003,39.21044755703771
19357,54.55841320547088
7451,27.992459758588666
13274,44.320554676063956
17,49.74690067331399
2020,62.81381151121313
6935,60.378124994717226
1328,60.367298922025455
1444,46.31831176655618
4472,36.65144152731121
6243,49.141580287975486
705,72.45922240031454
278,72.88440981567935
18561,61.95659278975457
8675,25.615424574122294
16599,32.241538295992214
14323,40.674186768836144
13365,87.39623230357735
273,52.68697603243423
5144,56.6444355875913
8616,44.49548546446255
513,65.62385042603873
16469,69.18449109802611
5102,54.7242310299946
5034,70.65049545318145
14398,56.58020152881583
4084,35.16292649452085
10873,24.455010841596646
11217,38.478117128829545
2405,18.52659814369959
17608,44.18311533961408
7516,29.98854081175104
8852,66.26252055357885
9981,55.23874352267303
10404,33.98485930102326
18223,18.002564422424722
13592,43.48542243121506
16178,31.042559325967215
5348,27.274021558908153
4028,72.91199104999518
9416,52.93397837763344
12044,58.30869957354937
3458,19.060671146319514
2199,57.827987283946655
7762,27.952653998936274
1427,36.06315314098708
9924,67.30771057036387
8918,28.211473780716318
17504,58.72156804346912
3820,30.375918991141866
6126,70.55208528294163
14516,60.27884543528138
9771,44.196324636090175
15572,36.99179069038226
14592,57.171693918537606
11018,13.246428710318634
6846,47.405748095142606
3585,66.73488995094593
11858,33.67121594488517
13885,38.41552268135404
14994,35.73418045302611
10511,35.8939768403615
8994,75.04509157655215
16381,38.27107774392327
15341,34.24149505892444
15565,24.598625640844716
6462,53.48509805203255
14002,45.1338218525504
11191,58.45314411297816
8054,58.23893882315923
6161,66.77804432109849
6423,35.537807994494
4178,36.92553017165879
2929,38.36299454924526
19373,29.210514423547494
1705,16.31422600452379
17294,56.897312573520765
19998,27.931919643331618
17888,63.49653567212008
17801,32.75485384908395
8337,60.590820760821316
5019,55.33986455090356
476,59.843819607649415
17092,60.1966932959745
8877,39.46319602345684
16068,50.25951411080016
4600,56.26613494712012
2235,74.92964142375831
9997,40.98059696452911
7250,46.878348677198005
13361,49.912903276561224
19775,26.629631496306693
11907,24.714642879666933
6335,53.503863439081236
19663,34.218178950021844
18375,14.190072971871789
17672,33.346958342382734
8833,42.14886126103456
8028,42.63604527939535
2826,49.19649156254419
4634,48.282725327416834
4286,21.540079022063168
9559,48.92708174169548
3068,34.02447495316953
18080,35.75542950767916
3111,30.3209080089918
3213,48.306359922288934
970,37.03673826857495
19534,81.03561224921008
2034,47.777426534610285
10351,49.45751211218991
18555,48.22549021026142
7668,43.271333516445765
3572,48.0540659629446
15017,41.21341296211743
16510,51.47126796001548
17907,50.50188541730306
9091,53.79285713066844
18987,48.81194635766191
19220,47.42010436576198
8576,53.55903172726734
6756,33.42012197603706
19137,65.63910799409142
8771,40.603469187745056
16383,37.063787328867775
11804,67.93783398767366
15468,26.446822546844874
9125,50.818525338420436
3366,38.90568835217155
18260,41.427159486029765
17066,54.008017732581166
13410,68.30215604319451
14097,37.12443575073344
16658,60.14282104015797
12189,41.833033568516825
19291,73.54286095752218
733,40.665796918297914
14532,56.38371730825877
18893,72.29184855807581
16470,33.78103863899689
18031,47.9101605201325
2948,59.273407440093386
18779,39.37569749764829
6584,46.70081795210721
5553,67.66042788331035
2117,35.46964444776701
16243,43.8323852888057
18725,23.099170042065825
15976,49.46513363166118
13789,33.986595962122486
16941,67.3741469277728
3860,70.13439627048737
4794,76.21677987891326
6070,44.09266699444496
18240,73.61128599489457
11091,21.335735867510515
12834,48.01221345962867
16483,35.75592337116278
18294,46.430167865031216
5031,25.853195764711096
16944,47.45912673438121
3242,11.271153461106925
6141,47.1812818248449
16266,46.663087923145966
7268,69.11920394134282
11465,38.793015429860795
4375,61.319434738168766
6281,50.486323193419345
1441,51.323701426194724
2386,54.1319225196763
6045,54.034392967326184
18568,50.20484344683045
3699,50.9668211894447
7559,30.750415946728502
17573,64.52511479344885
3798,66.59837324030283
2214,49.235308939401406
10447,62.5865464327327
3821,64.03577904870276
12609,73.4707183529805
18005,59.48332450364594
7403,59.85805707908746
13400,70.75990585461274
7594,74.90363807931769
4265,18.566659899267975
17200,51.15611816160491
16580,61.68577959234648
12262,39.82327416588994
7589,57.02866299452201
7453,39.21332045279157
5770,22.008617683792295
9367,60.18355002550449
6002,16.750354353847957
6706,55.49735500540321
4743,58.834073282388076
8188,48.644537366344636
2145,45.425635328510985
2794,70.44803464103781
921,43.27765933443675
1086,25.2679136622376
12642,20.67609618704551
1838,32.96600819073726
13618,42.49877638468354
7303,41.67267611690539
10048,71.72184037715535
977,48.660428210266296
6659,41.00505631321586
16020,56.97828548878995
10440,55.05248280411223
14876,76.53218519897734
651,49.66415516080032
7198,54.33325501433065
5274,47.986007166064105
19318,77.35542427593889
1362,40.85905443059205
9842,46.78235211796344
4819,45.068815235330426
4219,43.28524247611328
6879,34.81663385926201
8654,44.31480490436242
3474,43.708938492260586
17187,26.187973605741654
5116,51.40487849893749
7975,18.93786246094587
7517,64.34172771704883
14236,61.2013760488166
5438,52.73412997627855
1288,62.64962367258344
18033,62.10226932767557
8546,70.6411099653552
11799,58.53388850142036
10172,17.149686246654785
17223,23.20578068423132
10977,72.34260235218815
18613,36.56644776692981
5550,54.161920633268736
18157,47.26813943893923
17798,11.977395873547179
6880,50.80934078099154
11860,61.78162990741549
2988,36.47662631461817
14674,59.415982869885895
5954,51.15021628794689
3263,54.021743164473015
327,33.72513888386679
6424,45.57007777335256
9614,51.36266230789386
17062,25.76222721532082
7717,55.804720889962894
17130,61.9267547788668
1807,30.85931968860327
5022,57.17187173366856
10013,77.58265005875758
13927,49.64497222754228
9560,44.77514408858409
17323,52.768640934468976
16270,46.409806048808704
1383,36.997786694363775
3472,50.16520138550967
19900,76.18481637820977
2150,92.49404774365236
5502,37.84905417449915
11335,62.674485890369056
15216,52.60251461379873
9711,26.20798221865955
2752,72.48099349826387
1712,74.2461481345301
13655,41.067404610714554
14689,73.1916221374462
18179,23.41565757910559
11750,18.25116031178524
16656,59.41253823765447
13348,49.001948923758576
14129,44.04067440750451
14727,65.80393426673234
19673,32.89450256834287
4525,55.09827672409019
169,62.15695249309122
4672,37.53022187838338
6501,42.843706728873634
2878,73.16073819832397
6063,42.443709024705484
17287,58.56535957480302
11955,47.149371956277896
10951,76.27921964955037
10389,54.57175058297524
13657,48.24066390366637
6136,48.75068592445829
10301,68.74478207642618
5937,21.43908607770568
11884,50.3788164767099
12294,40.545317972979824
3323,44.16403262202417
14829,39.28250689995255
3470,67.83172216882784
13398,76.7751527142747
12785,74.35395512626263
16971,51.40014978342107
10381,45.80821829738392
18246,72.89817721329818
5568,57.428125892701004
137,49.61535965634348
7029,46.638138749599804
9423,40.625727821733236
9841,67.6815204671959
5225,52.286347934560766
12712,68.44059867575038
9751,29.456175256844325
7765,47.12325062236896
8048,43.91620603994286
2140,56.385853689839244
3000,38.70961830368386
4738,63.85604116929751
19655,60.20872611674181
7948,56.85255441357494
4441,38.81376637788076
7473,88.033493549567
6669,47.72934478415098
6549,37.19486149804903
4352,26.757918090502937
1397,53.14436142881671
18871,52.41010800898166
2141,36.75922120798292
18513,45.265974037180705
10963,60.344951517048
11785,53.40573557189872
13604,47.81036604757178
11813,70.81173197071782
11850,26.00780581943443
4614,74.24487015647202
16640,41.38847714449858
19873,35.13185470937873
17696,54.62416689786394
18705,54.72906494258069
6835,47.28958484324241
11387,50.57448486652841
16503,30.832013093349463
2312,70.58227532471736
4197,72.0648102338699
13587,45.850034284903096
18464,54.472576517426
4828,71.34161544392686
5199,72.31331676743139
13027,49.89194813744602
8542,46.07993840175416
6225,45.405414044004885
4388,40.992309391198624
11055,39.20816929906443
12454,59.17218454782282
19070,58.03036347759511
11677,65.68051555763289
12009,56.92802644698084
8086,35.6874656431997
15994,26.41865853898572
714,32.726290599940576
5667,56.955358147767015
19991,37.50490077333265
12535,22.269271454424008
17299,44.23363982921673
12644,28.473084036154933
2676,39.324060365474566
16529,22.933171548408843
15551,52.68436754031298
6,42.645775333445485
2910,60.77102141776142
5632,67.45015958776685
11550,57.2869076039007
8348,66.20944074557475
10580,60.89859414631322
2554,68.29568064025526
4546,24.83567938456796
14412,24.99920710258259
15912,46.84536286374432
9895,45.369028426200096
10719,70.31090608959734
17385,68.9925993057876
17016,40.73141929241019
11935,62.23431199405125
16985,45.4762348039183
1023,30.90532529494975
19445,31.166490925394516
15483,63.41509123795853
19397,45.6234010944236
2247,75.94671865098776
7285,53.54908564488087
13706,47.310868806830555
11146,64.88046087847674
13055,29.25330135199667
11043,46.02013996324932
4279,71.82122564991562
5359,59.87567807352495
8153,45.68401581586615
6954,65.5155947657394
11433,50.780388571981405
14476,59.33166157479584
14313,48.41073201593205
17810,67.19155704130797
9773,46.41622249084951
2111,35.14135579784109
2876,40.027142377727664
8506,76.60484126919368
9729,39.50830083079809
3204,55.645177731115915
4941,47.70475519654929
4463,56.20325528539928
8124,54.75418663872297
13152,71.22980355558359
558,43.153150278660235
12287,61.53324877197205
3617,62.666182547134255
5333,69.40707091101787
13740,42.63716611219935
8477,63.817938065354625
4166,63.99665826085442
18509,43.20743162106525
12141,30.00486655510223
7700,61.777287577012736
5216,88.74433200442532
6619,40.05156904145088
2796,47.9837418554157
15696,51.81942425856887
12890,30.8549267696416
4153,47.509077672144656
7626,53.06111607516293
19008,58.09008165123839
17024,58.10574878132174
11282,69.57789786080218
15100,47.68105443738634
4442,39.01581121522294
17741,80.72518178472887
18399,50.75730105478618
9060,74.41665897947483
12151,46.62842447978382
2351,78.87908514873456
19365,41.575827491333314
5337,58.20532347627817
10969,34.18926273592943
6119,54.318460329197286
2724,45.98227816279146
6590,53.236378070786245
7649,51.25820657573458
1869,50.004092974880294
16901,29.228059279727347
10836,53.948204768097945
19374,60.767172876777465
13294,66.4618208888782
6422,42.04036267760547
8164,33.64551451247047
1199,13.185446886160406
3165,63.66993798845499
13881,75.95867297403207
14425,9.949014346982217
13844,60.656904394778074
17489,28.48441038446405
715,74.39215441790165
3635,53.815901690724026
12980,65.72884415496233
16508,43.306151925588516
13901,58.773771440669556
3702,38.820673882452056
361,42.4619864799428
3115,58.65554469441018
18878,52.9528557324807
11756,59.440823903849946
4296,55.12041963487675
12148,50.599572391614984
3489,65.22804999697256
18338,40.37297851137923
4245,25.72697127665296
3589,40.824792204628785
2760,36.54547245129339
8657,34.35818954871134
11796,57.275813398579885
7020,83.59393198847633
1157,50.72580712513097
4824,40.056862318138215
19643,39.14130089144648
460,25.399342665295244
14675,49.544140875374154
17942,62.82050186546284
6241,59.81178742041165
291,56.620385822614026
7703,36.49900727091882
10870,65.42342947729715
6134,31.899143667813632
17375,35.93468893254505
13802,66.19663769728334
17752,50.945360947350295
6268,42.206102628888196
18385,68.29735914965657
4325,37.29063683533464
8596,68.75037185136719
14972,75.14909161639588
12657,50.61446118555553
2687,44.253978893202
14314,36.14343773374585
18652,25.47037170513456
6246,10.448983414398485
3682,57.71527139083226
17576,72.61778829136946
13388,22.193974161925908
2279,32.461635327166604
7648,62.46494598795395
6193,22.057959436341175
9652,21.150610599171138
4978,56.953133102356404
8628,21.644776777494414
14505,36.60824551159314
19399,60.085998155868765
19493,51.84412466356027
10331,63.60225522790263
230,65.60460889544508
11822,37.74251007770161
19763,39.337339028916475
3256,28.90760753900897
11455,59.38826247449966
18618,60.984095687561855
12321,74.94225202489808
16115,40.72963344534194
10899,45.04886550752819
3410,80.53988334817136
16693,44.35374738799542
2616,63.19759446269562
5885,45.37931899947623
10596,48.98662400112649
18879,69.68119635642674
4739,58.02355085176123
14509,15.03638020800545
16773,55.47718935103487
6810,46.142975976443225
5203,73.35541345865543
19465,56.32955903104537
10170,66.84227677473743
3287,55.76611399835436
15999,51.24901771375321
13694,68.44603412656085
3707,58.50964669793549
2781,27.478950388084673
4972,34.10559651324048
6866,75.447787960775
8525,22.688576453348116
10227,51.780260953179344
4462,46.81331214948667
3048,34.96046309707633
9558,52.66673149420755
11222,27.209863776821116
18331,41.85109011576816
9233,61.80640589660014
13078,35.82697618100412
8091,66.8664603390293
13464,44.02095656071155
9539,44.764753514468865
10414,49.13215641672818
8241,36.35116420933137
6831,43.222436354514414
13837,59.87584361180653
11946,75.10856170233937
19169,76.4927077659748
11557,55.79594783486807
13174,53.145716925578725
11436,74.50850642936992
4230,49.660723249012065
17683,56.99284993467002
14772,52.85646922203
18002,39.19535755664517
1957,32.44470393995055
487,69.81484057995561
16947,54.06839372073739
7698,56.56773737890758
2512,35.94449079295634
8451,27.62523503021179
9791,73.43253809580007
9698,22.712271825965267
16687,25.998320486245586
19112,34.9873125659234
13191,43.7070164406708
9538,24.579069021503955
8858,48.040553014072714
9398,37.8785876267925
18961,73.64665211041182
17864,64.55343759625772
14386,29.860092931232543
17131,63.609880620745614
1020,49.17797500802046
15960,38.090703597173196
5182,22.22556156895603
4848,41.65399063734109
10289,42.89677407014769
8503,41.076202809764936
9798,35.33224043015851
14452,69.34493015012414
6491,35.26700854949404
12103,47.77849167566698
15339,50.97031818726236
15561,51.35180516874203
134,70.28288053699069
11899,46.98876862830862
9162,51.06226831458058
6266,57.06015586090382
4205,29.108550110460136
12063,62.05434741446728
16442,55.13168540608306
8126,46.974900927450776
18442,73.00796241900201
15214,28.240629908569815
18764,78.89447758091374
4680,35.487425363081215
7508,90.51412931593423
18028,41.786334444406606
5503,30.11041247576103
485,55.17051272394751
11236,48.759471740461684
967,38.32797795459991
11457,8.880752116563198
6069,20.31741813392114
9453,52.24612647336902
5354,60.560999887434264
12094,27.83441276341541
16932,62.95439331309357
2225,21.424363926187716
13641,45.28966219726864
5758,37.28439783259108
10146,38.09830474705659
12443,58.18076960794455
13185,58.10213771951269
6206,28.164187660559413
6056,38.25771398378239
6253,25.918758483019452
10534,59.22408312880687
10347,50.2807462408669
13338,56.47928132993674
5350,54.66112413566899
3964,28.49068710870095
12767,50.72636488512082
15642,65.65371159618871
10315,70.68613357929833
17176,24.226036670497724
11140,27.091116774466126
3485,65.75235912549702
7261,48.62112679309304
9347,40.536349707571176
6211,51.370411146466346
5525,41.37309461759105
11612,75.97562425359887
16218,49.92834647808421
601,77.92757752310807
3508,32.558683066689
10140,82.5065762376743
5771,62.40320505955522
2856,34.23656095374052
4954,60.208218650627444
12610,49.42010163059118
2167,69.16635219483344
2412,55.825187379369005
7386,48.10230654278908
17830,49.22964409170244
5100,46.16652121515189
16046,54.90457759005162
13080,71.93931507952807
11591,53.209212134360065
5975,73.79610574753148
741,49.94313907471325
411,48.245806014045485
14066,53.87778153201062
16692,58.775251520482904
9409,52.09231184082654
16637,47.50169803137529
7501,60.40259067382566
3230,13.371073347582097
3105,33.317240844245234
3208,45.563898411772826
2075,43.61755607372327
11476,54.43418555381178
3265,44.39820972082346
17673,52.06857214228954
2677,64.5202383308911
11176,31.84521979762572
18768,20.46347785841932
4489,42.74977930408702
10826,75.35179483534753
17718,17.3088557287923
286,61.0047436151411
1323,30.556349073205354
2624,71.22776234415143
10113,77.4433454423917
2516,34.03164375737951
72,53.46834399428957
19570,46.22618541527003
410,56.00652701464445
7881,29.692759797626774
3143,75.6670242880579
7449,41.85317979356189
16356,63.1373435796011
15815,85.06807637769364
6916,76.07418906131986
12077,34.6817366469665
8387,38.709992401678115
12016,38.88587609514783
8670,47.029480311643205
11352,37.81194686570692
5230,68.35967031596951
5858,43.75839919121908
19239,51.91002311247487
11249,57.73173638723357
8629,50.9759795891281
10630,45.690806030739566
18858,61.19783034744419
2298,46.592605868871814
15299,49.151132584103955
16413,44.84721885592949
5331,39.60845935634818
19666,53.717869032636976
7348,56.18163744909
2585,37.48750906554907
5762,56.35251670652049
16679,33.203984749578765
13723,58.52138010533703
1071,51.78342181874509
3755,30.61491968894317
6228,62.05238294161522
15821,39.189930199722234
10731,46.81942999218844
4771,70.6377608425922
18698,68.18939763242787
14120,60.256766412526915
15267,78.06585163241581
9396,65.74539134765
6730,36.06074562666161
3633,53.12778609960753
7772,40.89066747726557
12667,48.8176277356513
18937,61.56021329144513
12405,28.47276261144906
15808,67.71023804262715
14237,72.1446546409743
16820,50.96472732061133
11573,38.48338338559385
1731,47.216870940555005
8239,29.806278808012074
19314,55.794926149225674
697,76.29718768041471
1005,54.795262547636796
11512,35.831768384988315
8059,79.23220196949379
13019,35.551341251211916
12387,68.20454981111968
5787,39.26005380145302
12125,43.393055620019744
9172,52.36075898373413
1029,75.83823934004458
12806,35.10003887629541
7791,36.227077509333625
2935,46.57086366153923
9214,45.49529194987446
11762,51.177614676531235
13312,23.65311929755004
12102,69.01214369872754
12124,51.393587555856456
16763,72.38589234667518
7428,59.18768884943516
17494,49.62708164056748
18110,45.83816716515047
10312,57.7127762523354
2101,55.67255065226241
15461,57.80586906437077
101,59.15205379516815
11105,32.68388226606246
9681,49.9008910240096
11808,52.17278122168574
4574,44.055437924852164
18735,29.42055416257574
7513,46.726475281260164
8279,50.805728324356984
13373,25.064933848406547
3846,14.100281472454341
1664,46.33741034758965
19612,52.68752186726742
13602,23.756364041889594
1476,53.65210536121359
13536,68.67073606183956
7809,62.890613983058756
16936,29.29569421482746
635,42.27596072169361
817,42.566332911377934
17480,57.9717777843945
11453,60.363891110676875
19803,58.77472026918274
15203,72.8403022983213
14717,52.24969361494
16876,56.06458870686337
4556,71.45167459033989
707,35.29697245411596
11934,31.209588864503502
7019,50.02182524874574
18917,29.66120311554335
19640,77.03211915114878
724,86.51971004058632
3578,68.13653923607981
5701,22.884597049743977
836,82.46174485623038
13924,32.49996974037615
7402,49.80532997565068
9400,65.1507094081654
4902,64.19781798465878
4540,33.00597368366359
15365,66.19155478775853
15531,47.6418090964881
7321,33.34141260514586
8178,74.86220589919603
13549,58.255896342421615
7568,58.507027724582144
3233,49.44850044788706
1158,44.50635485494661
11135,20.68095670100247
13959,44.6213770240704
4013,35.52442395117221
12613,47.32396983500824
4148,41.979542070343186
123,44.8934887777489
1247,22.608686960638956
820,80.00388194742821
17971,57.735593201544305
13169,40.52966517904383
4034,86.66611097803204
10162,42.66159822479533
14265,93.4409101243839
4411,57.831698450915745
9426,24.88161736951607
18152,47.18487164993919
11208,52.08204398496902
6788,43.03990739681568
10915,81.16690930002554
18477,35.71448016248418
3753,58.08193770635113
2909,39.176583363037324
4475,40.57652633291787
9585,54.57162536898379
8439,43.687727586506576
16822,69.14756918549566
6648,36.74811738120061
8824,33.06793081687164
18532,67.7361072252344
963,75.51598866629186
11270,42.40803028548089
1959,54.7950565034695
19940,53.160385197177526
18374,42.093585100644034
8991,81.55322981479758
7553,49.486180463540066
15221,73.14533417270384
5436,68.34174138335104
19363,80.18378353982027
10840,53.97644150971719
930,48.436588534496494
5601,62.585697594684845
9466,48.975261760766536
8968,77.73536447409748
14076,65.7443730415283
15351,34.33102048692607
2152,35.49535424105785
13606,37.39571528562014
12107,62.801927318100454
927,14.983977841024105
19430,74.692285571543
3974,38.21028728852404
16627,40.414251339920085
4101,19.217161340555
2767,47.72936334496264
3948,13.957910315178134
18443,67.9538720156973
8351,60.83443919777359
7691,67.24533276820002
11721,29.267914708709622
14545,56.19712265812173
15513,64.09986697758521
17895,41.62572976165577
9639,31.740715755068653
18933,33.7123317197701
15331,55.433147816720734
12730,26.08377762582877
3703,57.70984699508332
4596,68.4451415663202
8826,62.472940978376116
17295,62.73379560586203
14055,61.94429131860652
2885,84.50767932198858
4527,29.592198892165612
3018,9.776998887325894
8835,41.59489070230661
16660,52.37857265266465
7821,26.020324552194815
13499,69.3907865195218
4609,44.523859075686836
5207,61.94916962936436
6223,49.314232972596706
15329,18.740614380953257
18481,38.87497643971395
7168,45.83562558039707
14213,27.05185202404912
4572,35.163517774652064
18291,60.8445012599679
11019,68.77431629121978
6583,64.64694682499221
12286,62.99840389794847
12985,55.3850555154659
15065,50.710754265237796
8029,60.70456051679133
16549,52.501465753277536
15019,59.498493349472255
3616,76.39289401271469
17502,84.20995009978151
9438,83.55679913883952
11325,26.902767421243947
3921,51.1952368181118
13082,48.110415963179854
12147,79.11008100908991
7534,92.40827889751844
6735,17.054604334190948
12223,44.18479696089781
2678,59.861713421748235
1557,22.023118458680077
18808,64.48841260259363
11766,54.429527172868276
11504,53.264746339089946
8570,35.060618596244666
15230,50.23815995177493
10127,30.367660876098512
9086,80.3382875834274
12908,61.29078724157604
17054,61.050662014906926
10036,41.383258222402205
10132,71.99366701678346
14762,37.86753511133879
11401,55.22403337337049
3794,33.763604911289775
14895,30.671566416649465
17775,70.8857375413841
19743,68.40144407971816
13305,88.08457084129438
16399,51.13169338727641
14102,24.45421306041848
16428,84.04061842002018
11044,34.26169796405827
11446,30.778017250396015
1697,29.103859858930644
14329,52.37210511619429
15589,60.2868435527207
17530,49.57275662462044
6442,40.9350347124156
14577,30.087125286895617
17632,85.23504546352146
1066,43.966014641624895
10663,45.672721371890574
7066,45.73866004474832
12925,30.095418274708226
16540,46.92492563228584
7395,43.99687594843776
735,41.79055117450428
2439,55.74074890951427
16739,15.687165176988369
2498,56.69933502913409
15142,65.71434601873622
9887,79.51697189539351
2136,66.34039046563237
1698,46.5026513291555
4043,64.1334576846243
4518,43.359328423257864
2039,38.478860991031155
9463,70.52568079077366
2360,42.76950770298439
16195,55.14148155351688
4328,36.70556399242747
7582,52.75212242299419
14515,55.72499453460764
4751,72.57038602030424
13430,39.770220266820544
6340,25.175612645330013
14653,31.864825664849583
15404,67.60694802042116
6490,44.75814911020969
4110,54.44941574701663
18907,33.22319276174679
4045,29.873041193670595
6913,52.03804589017095
1219,31.600322634664412
4966,46.11577844836806
13943,64.97098649744478
13788,66.50251805313802
7101,18.23626236974112
14548,62.73908016094441
12733,24.662559898684073
3532,72.55390479305501
16563,73.84225375331704
5671,26.617370365275224
13218,47.67126445713173
10690,55.44827788626198
17230,43.33372389944314
13942,43.53755302020382
17596,80.61195709498335
16948,56.60043610959792
16945,47.46797490321238
3125,47.34729259683504
2046,53.76664160231254
7681,47.22829710008658
5597,37.17695262839703
12259,43.243367988698715
19918,73.67673480111755
15022,61.03165975008138
9683,44.47727059077529
17737,84.62713472088862
6346,37.46198520768526
14608,6.068827216156613
12887,64.68107110029605
4156,52.03149963608156
4653,54.00854336864772
4170,39.13599968616349
14467,64.60245464092407
6328,30.89057312807473
17040,22.7901890727689
2968,66.51070723912886
6020,58.644359386473774
5407,44.28147281779663
17856,55.57317927593016
14310,58.3622858265912
8403,66.35981223817609
7468,75.89936692156937
11290,77.20705674088715
13822,19.559254111005185
1026,51.244990732216955
7138,33.703332793697285
16871,31.274107655796165
18044,65.66399351656503
14458,45.727580384401556
18886,58.468054527606036
12073,31.243417838747412
4049,54.443169718986894
18950,53.540776885779124
10881,48.71061702946567
17454,44.723623738433695
12669,57.433681032771666
16602,57.892423299453924
19636,54.83202124826478
18040,62.91640740962977
18214,39.43735957846509
10365,23.840135919802186
16238,46.95071491521129
16450,67.39511490272767
11579,62.741497785422084
9431,47.27752806448752
18265,56.04152598840068
11179,52.00026200506259
631,19.815497432194316
17547,62.99093186375673
18341,61.220459921040245
1119,28.51106140236725
2290,72.93902594154997
15616,27.227821358539366
12981,57.87385611605741
5489,60.166731732194535
11623,57.59369062381927
2184,68.26486183719481
3314,49.77704471690923
14903,70.67037201089684
12416,71.4096277964321
16246,68.90544016182866
274,41.388048699654846
11327,74.4983738783069
14732,72.56420091039101
1804,28.371111057925084
6179,66.32380478483405
12163,48.064823744878765
11319,31.285108244792212
8886,49.23631744773477
6962,56.95134942338974
11423,48.96559638551051
18636,45.57609357979819
10512,51.051605901405615
1776,75.7781848174026
14807,46.69547781188789
12056,70.47097094797202
2701,35.227663431340616
9366,40.55241090853828
6562,54.298780433723735
14049,67.50649697429012
19108,63.43238931817142
6467,60.28712264517533
285,50.76874935639613
4269,62.23435822771611
4577,72.1178588981134
7661,69.42635910136696
11048,45.7127849529978
15108,18.198075082622694
6367,60.048869924279686
18556,49.06342597902086
549,41.59850133879139
15284,73.35757809490426
18524,23.249320934750035
17776,69.09006152725469
6682,74.062035318665
14920,36.18797798972583
18066,50.70623660706734
5915,50.575474977163495
3023,53.496413884506566
19586,32.635945922274026
5195,55.160218060012234
18170,51.07656248158224
11237,63.927583429400535
12154,40.48043651104441
8647,56.37498473571346
10712,14.633164885600593
2067,62.14659013478629
13831,57.02235848548578
3169,58.66030795842219
18678,61.196749486291125
9464,28.12361587776533
17804,56.687484506128065
14443,64.84276275860664
18027,41.63718863238696
8619,83.10434512298912
13514,59.72916581715704
10411,66.8934381801154
16214,26.139976552539082
8049,44.821768606000546
1358,74.17262103202238
6275,54.92315367583162
9442,53.525495541332226
3394,41.02616952309058
17655,58.51882053675247
2255,74.2461488554267
3502,54.445506308465745
5081,29.540698934134337
5584,77.99477414518304
6641,48.33082491670079
6290,56.54487087243782
9360,36.447038189411025
12032,52.429777045465585
10628,42.015000461730814
11402,60.26252293116113
5927,57.22290384726896
7932,35.714364199955085
16892,77.32277739333676
8272,61.017088865237326
15607,64.28029105832118
13818,43.56263994232191
5653,81.70610300629266
14781,41.190603754231816
6245,61.917914988370526
15593,48.2074714290481
5572,81.08543135583152
4318,72.99461632403833
49,55.091093064734686
9492,90.69307342141362
8171,68.47577811745637
6624,40.21183726800329
6631,60.71259200125055
4160,46.62702643812205
8653,82.33884703744492
7103,44.23982334237941
1303,81.16551166192595
18986,37.843585755185444
17336,23.873322571974022
16183,60.16701094597131
17141,61.930727340743374
9254,39.726238309463206
19313,26.646712907291384
6291,67.62424522612258
16051,30.903876073296942
15496,59.65288272590645
426,62.06718352276083
16824,66.45997679475298
9222,39.35412017093722
7660,40.817551835247436
16753,69.51887741616497
14316,72.45757951863685
4373,36.9027588958482
14250,39.14097971036083
15473,48.19713513195328
18673,47.50019947295694
8686,37.13359918043727
14260,63.08327823679751
17983,55.94448650307487
10538,59.09529284179384
19925,42.99262334726055
3958,39.77560126992273
6733,44.33261098984475
11429,61.77089930451409
15150,40.939320094638525
9660,36.40065368181667
54,18.796945210710028
8251,51.36048639339435
18523,60.05560589638621
19969,20.40851193286027
14952,62.699960188460736
401,62.63011583292695
4989,46.84649949899931
13473,11.405357133757057
3077,47.47850987487159
5960,50.01228807261537
12799,56.839301465613744
19537,50.93724910925522
3429,41.2744192234184
14374,60.55064489121073
4438,55.365423790349304
18596,46.150852321176224
11082,68.87461252469477
1722,67.42517315040746
9231,55.80713022968216
664,67.02984055263656
16495,70.11671626689102
14922,74.60783409627774
13576,36.063007396786894
7344,51.28185917359978
18865,56.26203710966515
5809,66.58009536683709
18363,61.34556674867018
16788,71.37348488582549
4847,84.54239945376716
5566,58.811874414730326
16337,42.943104829558536
15208,44.56813627713321
12064,48.23776278139996
9676,37.922303881476886
8425,28.604567449317415
19279,28.311732835979406
7017,56.25069506606714
7676,54.89944272326907
8238,53.92724246431777
10018,75.0572415646738
18275,54.80997200738117
608,54.96208611495367
4702,52.63311564768151
16950,26.683156659849192
19,47.98265145778545
16108,67.1409803985961
8715,47.215460429687894
7745,47.248432722113975
18162,61.09787904113504
10809,63.531336059184994
19188,52.58653833387107
3047,76.46282552554842
17065,65.84650753741138
2487,45.84934031102334
7808,60.04867222987254
14611,45.12212011510321
14439,22.61404413991168
14799,58.113306387917135
11379,70.99023891951137
14511,56.55652206640407
5143,46.16536916987934
15163,41.85481081512535
4140,61.460379517999385
3979,68.67445245105066
12385,67.37738559205638
8586,39.432792849217
11213,40.444437801669174
13806,58.76382468455506
13205,34.5572076692077
12797,53.811026855042236
6541,58.9639459519452
2958,30.94530510300219
14626,60.120594820503186
7897,46.61063121220837
14253,50.24862963749784
6876,39.27177858375025
17966,58.761278680068926
19616,49.23037829562837
13133,27.71277152897826
14356,30.29144471759413
17318,33.944215312947826
12417,46.96245151697188
16488,67.13890794752089
11764,60.24915513615216
12753,43.874151128990555
1983,18.905150869295895
8409,67.82103599255156
18445,51.138925415551476
4115,27.32945004080318
4488,51.3845623673747
15541,48.86600054525981
6023,58.78451096309165
7793,35.787775462181436
657,39.72566923407432
13515,52.52173443010878
751,28.03154103611149
2081,37.06885102000822
12217,49.42603295265625
6061,32.73302806158113
3341,49.068966952868664
13037,71.16332962653804
843,47.14867000761115
12758,60.648397537027336
15287,71.5685002959791
13562,69.56376978284884
10678,40.37861032568098
15130,37.29562835443399
10838,50.28631601551982
19158,81.86275506635509
3511,78.38977640766112
17255,30.266030205020762
11771,81.45260840040787
553,27.787557182766108
19215,33.69822244499674
5883,84.92326695923279
12119,40.3718174067739
15839,52.16956576745558
11098,80.3757857241183
576,31.48706778459867
6874,51.42454054065189
4461,77.65633536613969
14785,47.77132000579353
47,59.20324969555352
6267,21.153355383630917
7578,69.5279176236058
8552,43.09842394824721
15298,79.40781118020584
4852,78.00089006266005
17389,23.065208728071894
1215,30.007095535310775
18319,77.81016599402456
1944,82.34198753848112
16432,26.008981308331833
1450,52.20780682581959
16747,40.72244426471292
5226,27.688512083836677
15174,35.83489903853319
5046,54.70498127579973
2403,54.11104173755558
10664,29.502494562391167
13858,36.98501991820999
10436,37.282022848099885
18244,24.294832260549338
14321,12.565341200674018
15778,74.44318694981541
3704,37.125734225678336
2168,16.836565829605593
8786,79.88046328893094
9826,61.82034262949857
19245,60.03883169370253
6173,61.37156015650569
14086,68.34106491058034
10609,48.738448273512944
15412,62.13947824017136
12701,79.8337747281648
15157,52.54846270106479
1213,53.54983189915403
16925,68.90068305476264
6670,49.56498417241755
13022,37.69752650989352
17970,20.806176890957563
4874,57.98298092823897
5459,71.51308821509309
16062,29.99715826652757
3207,44.836165246632085
4930,81.62672813569593
3353,19.18874649597392
744,48.04938416543732
10327,54.726957024743776
5371,77.98741477510704
9626,50.952530122521814
18184,54.122066437896
18136,53.14481148232302
17182,50.12606502889711
4445,70.68143770934203
4401,42.40822448430608
18733,16.447493735535275
3623,52.61985130635345
16635,46.774525995221694
729,65.23107335330994
4547,20.483005033889818
1640,62.71975312810954
14921,71.84469823919034
14099,33.20695428297947
12645,51.09574893342953
542,27.31188934328456
18280,18.753877310436074
12116,51.88525513858188
9003,52.10566666498126
146,39.151734138402794
3482,55.96583986058472
19846,40.115921768044394
241,69.80464960590115
7502,54.06762647407029
9808,86.57589219338031
18653,59.13433722492208
11188,46.504734591962944
10299,35.313569302778184
1952,52.56267403636093
5227,49.7112259841983
12060,57.62509958858219
1594,48.64518336938882
17352,72.51910121633719
3919,70.19289487423957
5460,43.104862072889425
9430,48.42463602836988
19540,31.319150417062538
14438,47.4979116113127
8822,19.44563952952542
13688,38.99513446027542
15843,37.36046627219179
2078,52.560493928057724
16121,74.17441185723388
9477,19.167471997440323
14284,63.82080204000742
7780,43.78974215707668
16491,43.347659102258085
0,34.61398263469105
6409,14.996732056705032
8760,72.97823408739683
10193,69.38102064806012
12354,45.194267354744674
2144,37.814462435177106
18278,50.56671874096723
7949,39.70309361986871
15756,36.539006029987824
13954,59.45783453738272
2066,49.96008291153131
13030,51.18529450826539
6891,61.39661735467168
3503,36.33910560387547
2271,39.00624784174447
7327,24.62717651036978
5468,38.937838978318815
3268,72.94354606898581
16057,56.079303364193166
6137,61.700695527806985
12053,44.73415082334144
5304,67.51210196357258
14418,57.15879543165486
19683,54.93908497787411
15315,32.757863813890836
8700,28.72281065118161
7221,55.192324525405674
6661,46.57892299033216
12239,55.167925675765616
4822,54.94545002610653
18349,73.68133585275146
6664,65.52936445098256
3421,61.57102978462841
9071,46.94570509572324
19625,35.11766764391576
19280,33.36248548022265
19324,49.07585679799314
4252,60.628855513967686
16427,34.5381898439969
17603,33.001479297320046
9338,36.57565765265561
12759,51.159540173559925
17485,82.22028638012992
16265,47.55442798740195
3993,58.13166338445758
6612,37.66870240068636
12649,39.457942695376
8161,60.871129415215854
3656,54.660248855049076
6235,52.57763260382499
11648,57.05369217626969
6068,55.292264337620544
7301,51.683168170375076
7276,40.97069308146894
4720,37.310830988293176
1175,68.77675789936094
10519,49.196090785513626
14578,36.82684636046912
12606,28.12057154613086
14572,70.73950063878472
4885,14.873877603933542
4871,48.4559083667442
13973,44.564868716071786
19757,54.55487283482
10557,67.44047863474457
8507,74.24694702503797
16655,46.4405000063253
14074,49.168414353716955
7286,66.52054712638444
16842,73.91906486534928
8374,54.52235107843713
8846,66.74891880437056
4767,59.52961900197738
13974,35.718692566292084
4605,71.8710840881702
8843,74.98633184540378
5379,36.198111433745616
1166,48.42811285106104
6586,36.11398517423751
7569,79.5152714323669
3857,34.56711415115268
9502,50.120531174391466
8158,56.82849237397634
6812,69.63751492276165
5852,58.97052169824394
1783,45.953749285211835
1413,30.270971752263193
1130,45.47508677886559
3277,60.57653343939668
8631,25.33339989409524
13619,52.550414964888226
13690,40.20562225819648
7998,49.219161876420266
18113,23.120472575749822
10510,49.62309577411695
1621,52.70400241533671
5128,31.46045136022003
9422,44.93968340538562
6934,42.95257528096726
13933,50.568836611012486
18064,27.951612019041185
7873,65.42394608546931
10560,26.75862998054972
5035,44.88626175060591
16197,40.880469204813565
8380,63.998866056015764
19413,53.544147377216404
13611,68.26796625154245
3910,65.14558616511621
11901,58.50860180105288
12539,39.61885649583585
9331,68.97106187587143
16096,46.02887154084556
9243,37.858578035473876
14739,28.34705549405164
5732,68.73612387591959
5026,21.55884327190948
10154,50.32397960408988
16382,34.47068564949216
4400,77.66447121457102
17445,48.66118891947948
14679,64.33725942768615
15376,58.9019609876524
15894,63.58664277042575
9452,40.427564857286306
7685,53.38664358966654
12482,64.57466883661199
7115,50.368227554000796
9138,37.38063572943643
13153,45.60384448148512
9780,33.29108366111531
15893,42.92923957111192
19275,73.21104624280098
8785,57.89143321147367
8079,43.08600242642995
9394,38.45292782918638
14255,72.10648184027141
19628,35.879751894135985
17925,53.60882377417747
13298,39.42332345905427
5605,49.269681977353514
10869,44.968938753798525
7356,60.53953700737428
18004,64.62981614971837
7220,73.02627068522824
483,86.42092852427221
19134,36.177907439779425
1315,73.0407390731967
3015,44.994639020975725
13439,41.26826833825454
18575,70.83838562233166
9097,71.20486751243716
12769,74.03680569168303
9899,22.64212677586863
4226,84.61043715446871
18403,82.09298831476747
18675,77.66340058275193
16005,52.54821203107306
2485,35.32695646033508
18432,30.33516459717947
8665,38.116823184764094
19588,57.728348055816845
10215,39.40861998157072
907,30.498313914698137
1576,38.48173092760875
14175,61.10356791239108
14883,59.748837260620725
10360,67.8916965101737
1339,62.01040302931633
11720,47.19318284800232
15857,58.175110087290236
8685,83.98342447115837
5384,29.78685414261895
18832,34.07950036016315
6132,56.35565741736161
11160,57.728086454865625
1989,37.89785337000016
14725,59.75041456399249
7061,87.72206498598813
16776,48.950225322270875
15792,54.10223223248222
16092,68.0568744828183
6872,42.671629546302064
15255,51.27159948378986
4985,46.34834272928174
14816,66.43445134262474
121,51.879071616021236
2609,75.81120100819163
15867,65.51379040376973
19511,33.411382238488656
15758,74.85944576928186
6218,55.597611733183086
7172,56.228801779801834
13457,45.90793881054776
953,38.59443982870179
16366,73.08952497574572
16691,80.99948695810811
4193,54.01770244512509
6698,52.4756077376338
15494,49.67592104342941
8157,45.44813296235818
4821,36.42916859053577
10325,31.98346351990628
11765,42.416958094340984
2540,50.06535422373292
5306,38.80121441885075
1270,47.32644039867119
5245,75.99020965728475
16290,37.22971023138788
1691,41.545893795873916
19668,80.10902420064784
18050,39.753917986176354
16160,69.52782469325076
2727,27.858499470213918
9601,39.039985138978
18616,32.94082058393562
14431,41.635286558711044
13765,12.135445356105084
14068,34.90820694911044
2974,29.815715528938718
7369,58.806633637385666
7974,63.038524389907046
17184,49.9701986488399
2045,42.789655497531605
4977,37.61872335805167
7121,27.84732246950073
13631,56.42474920970481
15546,17.095429395619572
2736,37.16893065853783
17584,59.61095536344383
1208,51.380421662472486
17060,57.61883169219126
8327,26.49658821997672
6848,41.6277433576361
14636,39.86785696382803
10418,29.767963914206614
10599,57.516974257072
15505,58.20922495742614
13068,36.208350583109535
1090,51.957419379370606
3120,45.74815911974128
12766,24.162476531014796
10480,49.5739663193829
11544,58.5905636238423
1533,61.98579711884245
8063,68.92175545408168
1411,47.69179467342228
9990,59.11889467596493
7921,60.93645863016819
3200,54.23493112320786
11050,51.86074606743564
2614,79.05270245404469
13719,60.92501950083529
16933,31.844312237402903
2546,55.93116888268452
12594,51.9519421564449
9737,55.584778613359695
16398,34.49360207433782
11545,65.48172184630917
2664,46.570606710039144
14301,60.652120412094234
13206,77.58438863950838
10268,25.209147876086433
1457,69.46567863395964
3588,31.78497650751917
7702,45.593926965524716
16354,63.84076058813944
5548,41.393224553544165
19721,65.5397738486005
6052,55.83510089652835
10696,48.8331179623381
13617,43.83408317951096
12042,24.40263927630089
17284,44.817969487248995
10532,56.0367882390888
18778,67.22147056738144
2950,46.039199851803346
7859,67.95174071932811
1393,41.70407941089301
13144,42.620993509330106
16931,30.656122826453487
12104,57.0593689380435
6847,40.37389914862287
7077,39.9268712765541
3014,50.925203812916905
17382,24.442216720490098
16632,51.49490535358226
12277,93.46133438997256
18633,55.735235374899915
16181,80.74673514681204
5642,54.247637941755286
13059,41.52208141637891
5112,51.434099232541676
13119,59.281786748207296
1767,70.40686946168812
7900,69.82985151731165
17267,20.223743860760557
19876,29.866697649161825
10624,19.40715837597314
10448,57.88614133304029
15491,70.26392968358181
15904,59.510042505750775
10579,45.736281083206464
17761,23.04679582594183
16368,44.91641643094111
19436,15.516931515649498
9707,56.58831276977528
5466,30.861890667482392
17921,58.68143966334151
16180,43.07326926507488
19518,63.27539546532769
17756,33.05696400622251
15303,59.35227784191668
17862,58.08062896052875
13108,41.848161424958704
4688,34.73077145765549
3984,53.96726594369104
19394,50.82318624055637
1002,42.46220470959448
1061,57.230792391006425
8621,56.635534541984875
14121,48.63266501753559
18034,77.52204704771006
13797,62.51286045956922
7139,42.71536483616224
5170,50.011730723309945
9693,44.16934469843202
13796,35.13257213782667
11644,29.94257673539654
4671,72.03208032353126
10786,41.402645285049566
4293,70.90133487679876
4165,45.73816657900795
15622,19.208537983538566
11830,21.58578809264356
10743,75.19732975999612
8929,60.245541825614204
10429,55.56168697333038
2146,72.47664848665276
5734,74.69503977782884
19897,60.919308704036396
2662,33.852146312463056
14605,59.66974828847102
19278,44.181583734232774
19032,34.44728913760321
19407,74.31873546483533
8360,70.94055070163662
586,37.78714051796497
10105,55.37187033336274
17001,63.89925074617605
3194,27.711116778304113
17226,55.8988045418641
2953,45.019873136421275
2266,30.656169529016154
9444,20.08968802932258
6178,26.360192092215595
11304,26.251442381436668
11632,31.33837981797952
5532,55.03211584424399
11343,36.28202967148773
4509,26.42351944610138
9055,54.895039092237155
19552,18.046632678425674
4046,46.584399824454444
13141,53.01912633039531
1280,70.77445917756307
5217,16.13981842717542
14759,24.069177623054735
4921,70.46330637285037
9875,64.60450186181654
8603,68.86831117113194
10818,61.49580553810897
14214,29.013318951378967
13546,44.809717745686996
2638,51.81145350776433
3545,65.7115688640335
9666,70.40345113809894
15357,62.378579180172906
15256,50.59734420171919
5168,50.8474927279786
9498,60.87052905329252
14100,58.712339595901916
6332,41.73184949912266
11000,66.70259919434265
16612,68.27244301668993
18135,36.344556721159904
8875,67.34334556008506
2442,30.76029744873282
6074,24.40162908905363
13238,32.500985801922
8103,38.86697299458145
14989,38.702745201262076
1570,28.403138525463135
1398,45.50497775871678
2281,79.1216568908496
8651,51.93865282574732
9246,69.0928319461726
17306,59.734120006294596
2021,55.722173255953365
18707,73.82072070870576
17132,69.77754659777123
3894,69.45502083847283
18741,34.31706018555239
16072,55.073206412705154
19633,55.401524419830096
4881,66.78747083815611
9975,77.65237950762608
2002,51.440796526943814
18668,35.90847474756116
2556,71.12261992360142
8814,30.678729427210705
2305,54.42357779558476
11266,20.87661851551281
13761,81.88764709327002
12549,67.38013125915286
18251,57.33385000056603
902,74.1494115034659
16085,67.04427346898139
7132,62.36956945311332
181,56.8892858970514
1063,40.37123410594473
7729,41.341821111026185
14474,49.88239010366182
11287,49.32959789947878
4772,28.903853368374122
1853,41.10025538763671
13166,37.719013900960796
9630,68.43985072898838
9687,70.19596387079133
16659,49.99690130052188
8908,71.49180234757532
5554,46.69516846302082
13642,35.58025612822263
8287,55.543265842401524
15028,68.67818991539133
17567,52.223873949060774
19401,43.08392848234854
18182,54.550467065529105
1926,37.65512073229062
7677,61.94459665440344
16671,48.06576889894404
16582,67.79499053855606
11752,56.01218466982321
9185,55.27171768615957
50,21.609693577668317
17127,62.3468916027622
14013,56.192395423395375
2497,68.56442647308002
12404,62.79634478928424
15854,54.8523085069578
9684,45.10718521274293
6956,70.37808924132229
11930,37.38659342952757
2458,58.443997718675256
15755,43.32004049401458
19935,38.11084034801152
8442,71.26403124329008
10413,51.35189099673687
5376,49.27887708223831
19695,62.90918104643949
6757,50.71703305590278
6215,47.14871258819825
3931,43.812112755119536
13953,74.24354789242514
11972,43.32229213480447
13112,26.305718897915938
9469,41.8301039473716
7401,75.38172776126687
8317,63.65524319019774
12029,65.65755381983155
1097,60.84445944385344
8359,48.26394738889055
9696,64.17241095312083
11869,42.10680368313075
3934,71.30439685682008
4068,24.054853793440877
11558,40.857438096552585
7275,42.306739182708846
205,42.50175267160215
9625,73.11532179782617
10671,49.179001085119495
5446,56.987144033526405
2086,41.05913416770424
3668,75.95659888964128
15201,66.21885070359367
11491,50.18008630382447
18247,30.29931506862809
19299,24.6671169638087
6527,49.93315875461906
18734,46.82317374012782
19779,69.57706809336513
16970,57.365873234344576
4918,64.58253884302727
8242,90.26592229543334
10614,38.60579196164856
431,62.4220921185792
2533,36.63746119702122
2202,60.65588266918007
1572,51.478948457984565
8573,41.41777146999052
10423,32.8840748462415
16447,52.76859465782341
5268,67.32824191931164
1277,68.30598063997931
6677,57.179011087670474
16620,43.53187641022311
9526,47.564303809067496
13630,48.95774225418564
18489,49.5911883479288
10430,60.412585005325795
18792,13.974083451199698
14293,62.83403364993605
13316,29.88287039670442
19199,72.26407445443537
18462,38.175478434349785
7638,55.59305683533184
4730,58.40484849411128
19650,59.27595528410184
1372,30.503841281538364
884,67.44394029132403
11150,48.19331361657208
1039,32.6375245845891
14271,32.76174625954488
1470,25.960468573840235
4504,64.47831892211957
293,59.38348934728522
2445,75.43151772177404
12558,53.75174400101016
12503,59.34886623852772
12522,26.536861128670097
10791,25.92775053153513
9740,74.35270834209062
16893,45.83669366066817
12198,34.087325291640454
16978,57.61904182739704
2095,31.419410433165393
18257,55.443914237146295
6143,37.51428080335629
7026,57.41200928385008
3477,44.23042936935254
5921,56.908959501097385
1194,64.83768317609437
2636,37.6645085971421
1010,47.127568028354965
10653,60.81653186331488
3652,59.488158166731395
19970,51.97890758940055
13781,63.93618088624695
3433,81.20528030735343
6544,30.710828098231275
11311,41.50005689738747
7930,33.045584772117074
8773,71.08481294145722
16811,52.56304596048962
5385,45.56434669666225
6712,51.97968001599918
10926,53.560999904707934
900,73.93943017340796
13413,81.56750919613846
934,44.32037282747562
6366,39.44739534586816
13775,38.50907989671282
18580,59.007427999603166
11759,36.92735951835082
10373,42.467482739926005
5576,24.381007095467204
18336,42.9365614410704
3302,48.580507418372726
1343,54.667903572280444
16897,52.87836172576689
359,88.74129310227104
7918,83.07278995376078
10908,26.963738073736625
18394,40.43154362094988
16968,61.31392926257498
959,35.97050037502358
10277,78.0429988811687
1148,58.98229167939637
2954,56.705093313143564
5186,60.94807065671189
2051,49.32137287136179
19272,47.21531838842252
2054,50.52706853900773
11216,50.08279166708927
2501,45.36592451506234
12457,19.904551143348574
9072,85.43925166480228
9934,79.48244016024822
13453,55.504171476627675
10220,30.02606579296621
2323,56.90990284541469
222,62.720072401425
18308,79.06594729081755
18194,14.745807046592011
5859,47.34945224321969
4338,49.608139424370464
8489,41.23555893625646
3156,81.84714138353704
668,49.65916522777404
15944,65.81098165007691
10644,41.554685939508325
13597,53.1540681666208
10679,66.73307536753657
14931,52.82948861367542
19329,59.209438069382955
12066,62.84461377993949
19241,21.359331668343717
14493,72.69638803468996
3608,70.35817133735523
19011,45.785158560664556
7811,64.11733993225423
17511,39.903560070357244
12461,62.91427545279098
10201,65.04206600652375
3843,56.15890239549384
14647,74.18576888550761
8147,52.73357375373231
4691,62.66449785749046
5297,95.9429197645131
17387,32.581539405378656
15864,53.035508738609465
15749,60.13312064339975
7176,54.39757190875609
15043,32.09294960092744
5763,53.704576879406225
9144,52.611313536775114
13460,42.4935727387889
13747,42.134127141533874
1056,48.58827429334883
9722,33.18266194313037
12166,48.4745027702739
6515,53.89921652384528
2394,37.64076530214667
459,53.86349921316334
17820,40.26349319893425
10445,45.00131906602203
14185,43.51095532811557
9375,34.470297115584216
18747,35.622907990554914
12663,16.655376155796013
12877,44.914618823757294
16058,47.1804119402873
5160,26.945915309175838
9357,46.58475554896587
4528,43.725431687476934
2157,47.32352460004269
12545,52.55123856899629
10286,75.20107538731249
9253,37.00278479578005
6164,61.02986474974782
3537,67.52759863056112
12138,67.72570224659084
4339,59.87538774516811
16162,40.91633276073226
5888,67.63588037142746
13437,30.636573349452426
13724,77.82711270690866
2746,64.97681733179778
6153,64.75833120034943
15367,55.35612894053819
102,72.95409234798049
5685,54.07688024940931
1661,51.00061413770284
14650,57.3135800279181
2684,77.04584794065852
9412,42.0538182581392
7341,21.14271048445495
14525,34.01034322503398
19722,78.81997594748543
11716,63.1306546852641
15154,39.32034519445081
1694,20.652995687191577
9199,27.736077458815522
1065,45.113435415870825
7305,56.98106030931126
12809,75.25041163137428
11731,67.22584748980617
16607,43.48706707994398
18519,79.23874729061313
15350,64.78701263684778
5250,36.81306256193459
3479,45.2947592269086
5749,60.34225122844729
17740,59.34928323375643
720,30.811153708523715
3965,59.90593903880576
34,51.93983637430184
11562,49.0488423640965
13175,49.25999687051566
2358,46.54074447638523
11711,61.15666403921225
15159,49.27798312177848
8980,57.82216915011272
2893,61.34030705608377
2608,47.68325159399044
6292,68.22399317783486
937,40.029273504028005
396,53.41338599845776
14540,25.449194625893533
17233,68.53251969184045
17416,31.499354954011686
15136,40.57734040794851
12531,78.12456648104032
2134,62.26844598836347
11651,53.559292185275694
15292,61.38843384766236
15364,55.15751622924148
7113,52.09258428945137
15396,76.83604440752404
10780,11.091009322524958
18839,57.95193531462602
3119,61.63615916050706
13720,28.90747879566638
5282,69.12751221337228
1210,62.5566482118233
4104,23.838993428931065
17265,69.81418473787718
19948,74.9214897949893
1085,67.2275027226982
7888,36.891011867817745
8950,53.088462878112885
7591,46.649893273672795
6383,21.646009728490384
19697,40.623790338539806
10279,52.27581372543278
12059,53.30039578441995
10384,56.19189825152982
10829,50.533136083511955
17595,58.33446351279493
10319,70.43426800248504
9209,31.319353110010788
3379,68.818517419984
2635,59.153417906751756
10479,36.73179790359829
1458,53.048435047789745
7922,47.86394092200814
1318,35.32862341127479
1769,65.99477769072028
13023,41.32465763390979
10569,26.95268501461439
11698,39.97878569313176
9004,62.793697300292834
8474,36.578275762277784
2583,42.3113949336172
11827,42.85266230872121
3609,45.788846224214964
3334,63.01674966033564
16256,53.02050006888303
3562,47.930347174565696
16316,59.953885383114105
1475,53.25468769450718
130,57.24332476952289
9161,73.43178577330761
12711,57.95582885025733
5760,24.61354843238678
15625,36.92585415788841
12110,39.09432556980369
15574,33.42787017545224
13164,24.287490646146214
2751,55.865942156009964
5106,40.781122687789306
9237,69.34417048601303
6779,35.738525998996735
7178,39.55545978574519
1825,80.03729301908345
15972,43.000569079825226
9315,29.48642480761773
4010,26.90138663522584
339,40.903295398165454
13754,58.164114177767964
4417,71.44984612358881
11320,54.70120548495068
15720,46.83579936898186
14244,69.10264040325802
14720,73.1971283974918
8138,67.75777044818781
4128,30.275646787065718
6741,34.00535328006996
17668,72.54266952903473
15462,34.942402653822924
2216,47.545799115632
9000,57.84219520003918
2995,44.252092106378726
15120,19.715490460761437
12429,44.743078771540894
19061,43.032232058486166
11114,38.28511541564603
6503,19.169980811669205
19202,43.670985543585225
12334,55.08436990162285
9451,52.11789604377158
5083,29.14499230360344
12314,68.19117652827035
8478,57.038169167786826
15956,46.01300950256399
16231,38.05885830862741
9624,79.47278863567405
655,82.21094819091304
18963,55.867001560113216
15418,81.73939466912807
2589,32.8971917697994
15402,66.21454242916316
5980,45.333667758507566
7826,33.014233556677446
3350,76.97669174612763
11733,60.328787797573135
8416,51.30826818353019
6087,55.338594298421036
3223,50.083616858166096
12883,49.61434716656596
12335,70.58049458654831
8365,55.1483410548977
11078,20.233741731988108
3615,57.13358043656454
17785,28.675551094101444
449,34.08092564530385
14861,85.18469732960482
10044,48.13107628536446
11418,53.57075689110337
15618,30.453134613821124
6407,34.72072619061076
8696,60.82158244960706
19474,30.25536559535392
11076,61.29866107322236
5815,44.47705272366884
535,23.966916076952696
9234,67.00262776371054
14620,57.6709795803424
5426,47.22527119050526
11020,47.22093808650826
2425,63.27929617637544
1836,61.74792752078979
10354,64.54296261633498
4742,53.59142263160079
10463,39.25349298175193
7463,55.241514215154794
17298,34.38202756117543
3463,30.771291364720117
14634,40.18138595782583
2680,43.753975401929175
10119,87.01585207289254
6373,77.34824037589968
1890,64.75511328287071
1038,32.66959317596709
17604,53.02783076223024
12557,58.24338650302883
4073,34.51261661040137
7442,46.8844121971153
9999,40.94332114640095
1870,49.04841400829764
15196,40.39427041311018
